Plant_Code,Mold_Name,Item_Code,Full_Load
1900,C10R20JS112,1121110020016K1121,
1900,C10R20JS12216GC01,1121110020016K1221,
1900,C10R20JS12216GC02,1121110020016K1221,
1900,C10R2016CDH01,1121110020016KCDH0,
1900,C10R2016CDH02,1121110020016KCDH0,
1900,C10R2016PRCDH03,1121110020016KCDH0,
1900,C10R2016PRCDH04,1121110020016KCDH0,
1900,C10R2016PRCDH05,1121110020016KCDH0,
1900,C10R20CCDH16PRHM01,1121110020016KCDH0,
1900,C10R20CCDH16PRHM02,1121110020016KCDH0,
1900,C10R20CCDH16PRHM03,1121110020016KCDH0,
1900,C10R20CHACDH16HM01,1121110020016KCDH0,
1900,C10R20CHACDH16HM02,1121110020016KCDH0,
1900,C10R20CHACDH16HM03,1121110020016KCDH0,
1900,C10R20CHACDH16HM04,1121110020016KCDH0,
1900,C10R20CHACDH16HM05,1121110020016KCDH0,
1900,C10R20CHACDH16HM07,1121110020016KCDH0,
1900,C10R20CHACDH16HM08,1121110020016KCDH0,
1900,C10R20CHACDH16HM09,1121110020016KCDH0,
1900,C10R20CHACDH16HM11,1121110020016KCDH0,
1900,C10R20CHACDH16HM12,1121110020016KCDH0,
1900,C10R20CHACDH16HM13,1121110020016KCDH0,
1900,C10R20CHACDH16HM14,1121110020016KCDH0,
1900,C10R20CHACDH16HM18,1121110020016KCDH0,
1900,C10R20CHACDH16HM20,1121110020016KCDH0,
1900,C10R20CHACDH16HM21,1121110020016KCDH0,
1900,C10R20CHACDH16HM23,1121110020016KCDH0,
1900,C10R20CHACDH16HM26,1121110020016KCDH0,
1900,C10R20CHACDH16HM27,1121110020016KCDH0,
1900,C10R20CHCDH16CHM01,1121110020016KCDH0,
1900,C10R20JSJDC316GC06,1121110020016KDC30,
1900,C10R20JSJDC316GC09,1121110020016KDC30,
1900,C10R20JSJDC316HM01,1121110020016KDC30,
1900,C10R20JSJDC316HM07,1121110020016KDC30,
1900,C10R20JSJDH316GC03,1121110020016KDC30,
1900,C10R20JSJDH316HM02,1121110020016KDC30,
1900,C10R20JSJDE16GC05,1121110020016KDEP0,
1900,C10R20JSJDE16GC10,1121110020016KDEP0,
1900,C10R20JSJDE16GC13,1121110020016KDEP0,
1900,C10R20JSJDE16HM22,1121110020016KDEP0,
1900,C10R20JSJDE16HM23,1121110020016KDEP0,
1900,C10R20JSJDE16HM25,1121110020016KDEP0,
1900,C10R20JSJDE16HM27,1121110020016KDEP0,
1900,C10R20JSJDE16HM29,1121110020016KDEP0,
1900,C10R20JSJDE16HM32,1121110020016KDEP0,
1900,C10R20JSJDE16HM39,1121110020016KDEP0,
1900,C10R20JSJDE16HM40,1121110020016KDEP0,
1900,C10R20JSJDE16HM41,1121110020016KDEP0,
1900,C10R20JSJDE16HM43,1121110020016KDEP0,
1900,C10R20JSJDE16HM45,1121110020016KDEP0,
1900,R0000010R20JDEGC01,1121110020016KDEP0,
1900,R0000010R20JDEGR06,1121110020016KDEP0,
1900,R0000010R20JDEGR10,1121110020016KDEP0,
1900,R0000010R20JDEGR15,1121110020016KDEP0,
1900,R0000010R20JDEHM05,1121110020016KDEP0,
1900,R0000010R20JDEHM13,1121110020016KDEP0,
1900,R0000010R20JDEHM51,1121110020016KDEP0,
1900,R0000010R20JDEHM54,1121110020016KDEP0,
1900,R0000010R20JDEHM59,1121110020016KDEP0,
1900,R0000010R20JDEHM74,1121110020016KDEP0,
1900,R0000010R20JDEHM75,1121110020016KDEP0,
1900,R0000010R20JDEHM83,1121110020016KDEP0,
1900,R0000010R20JDELX04,1121110020016KDEP0,
1900,R0000010R20JDELX2,1121110020016KDEP0,
1900,R0000010R20JDEMC01,1121110020016KDEP0,
1900,C10R20JSJDH300HM08,1121110020016KDH30,
1900,C10R20JSJDH316GC01,1121110020016KDH30,
1900,C10R20JSJDH316GC02,1121110020016KDH30,
1900,C10R20JSJDH316GC03,1121110020016KDH30,
1900,C10R20JSJDH316GC04,1121110020016KDH30,
1900,C10R20JSJDH316GC05,1121110020016KDH30,
1900,C10R20JSJDH316GC06,1121110020016KDH30,
1900,C10R20JSJDH316GC26,1121110020016KDH30,
1900,C10R20JSJDH316GC27,1121110020016KDH30,
1900,C10R20JSJDH316GC28,1121110020016KDH30,
1900,C10R20JSJDH316GC29,1121110020016KDH30,
1900,C10R20JSJDH316GC30,1121110020016KDH30,
1900,C10R20JSJDH316GC31,1121110020016KDH30,
1900,C10R20JSJDH316GC32,1121110020016KDH30,
1900,C10R20JSJDH316GC33,1121110020016KDH30,
1900,C10R20JSJDH316GC34,1121110020016KDH30,
1900,C10R20JSJDH316GC35,1121110020016KDH30,
1900,C10R20JSJDH316GC36,1121110020016KDH30,
1900,C10R20JSJDH316GC37,1121110020016KDH30,
1900,C10R20JSJDH316HM01,1121110020016KDH30,
1900,C10R20JSJDH316HM03,1121110020016KDH30,
1900,C10R20JSJDH316HM04,1121110020016KDH30,
1900,C10R20JSJDH316HM05,1121110020016KDH30,
1900,C10R20JSJDH316HM06,1121110020016KDH30,
1900,C10R20JSJDH316HM07,1121110020016KDH30,
1900,C10R20JSJDH316HM09,1121110020016KDH30,
1900,C10R20JSJDH316HM10,1121110020016KDH30,
1900,C10R20JSJDH316HM11,1121110020016KDH30,
1900,C10R20JSJDH316HM12,1121110020016KDH30,
1900,C10R20JSJDH316HM13,1121110020016KDH30,
1900,C10R20JSJDH316HM14,1121110020016KDH30,
1900,C10R20JSJDH316HM15,1121110020016KDH30,
1900,C10R20JSJDH316HM16,1121110020016KDH30,
1900,C10R20JSJDH316HM17,1121110020016KDH30,
1900,C10R20JSJDH316HM18,1121110020016KDH30,
1900,C10R20JSJDH316HM19,1121110020016KDH30,
1900,C10R20JSJDH316HM20,1121110020016KDH30,
1900,C10R20JSJDH316HM21,1121110020016KDH30,
1900,C10R20JSJDH316HM22,1121110020016KDH30,
1900,C10R20JSJDH316HM23,1121110020016KDH30,
1900,C10R20JSJDH316HM24,1121110020016KDH30,
1900,C10R20JSJDH316SY02,1121110020016KDH30,
1900,C10R20JSJDH316SY05,1121110020016KDH30,
1900,C1020JS10916JDEG40,1121110020016KJ191,
1900,C1020JS10916JDEG19,1121110020016KJDE0,
1900,C10R20JSJDH316GC01,1121110020016KJDH0,
1900,C10R20JSJDH316GC04,1121110020016KJDH0,
1900,C10R20JSJDH316GC06,1121110020016KJDH0,
1900,C10R20JSJDH316GC26,1121110020016KJDH0,
1900,C10R20JSJDH316GC27,1121110020016KJDH0,
1900,C10R20JSJDH316GC31,1121110020016KJDH0,
1900,C10R20JSJDH316GC32,1121110020016KJDH0,
1900,C10R20JSJDH316GC33,1121110020016KJDH0,
1900,C10R20JSJDH316GC36,1121110020016KJDH0,
1900,C10R20JSJDH316GC37,1121110020016KJDH0,
1900,C10R20JSJDH316SY02,1121110020016KJDH0,
1900,C10R20JSJDH316SY05,1121110020016KJDH0,
1900,C10R20JSJDL16GR05,1121110020016KJDL0,
1900,C10R20JSJDL16GR06,1121110020016KJDL0,
1900,C10R20JSJDL16GR08,1121110020016KJDL0,
1900,C10R20JSJDL16GR09,1121110020016KJDL0,
1900,C10R20JSJDL16GR10,1121110020016KJDL0,
1900,C10R20JSJDL16GR11,1121110020016KJDL0,
1900,C10R20JSJDL16GR12,1121110020016KJDL0,
1900,C10R20JSJDL16GR13,1121110020016KJDL0,
1900,C10R20JSJDL16GR14,1121110020016KJDL0,
1900,C10R20JSJDL16GR15,1121110020016KJDL0,
1900,C10R20JSJDL16GR05,1121110020016KJDL1,
1900,C10R20JSJDL16GR06,1121110020016KJDL1,
1900,C10R20JSJDL16GR08,1121110020016KJDL1,
1900,C10R20JSJDL16GR09,1121110020016KJDL1,
1900,C10R20JSJDL16GR10,1121110020016KJDL1,
1900,C10R20JSJDL16GR11,1121110020016KJDL1,
1900,C10R20JSJDL16GR12,1121110020016KJDL1,
1900,C10R20JSJDL16GR13,1121110020016KJDL1,
1900,C10R20JSJDL16GR14,1121110020016KJDL1,
1900,C10R20JSJDL16GR15,1121110020016KJDL1,
1900,C1020JS10916JDEG19,1121110020018KJDE0,
1900,C1020JS10918JDEG36,1121110020018KJDE0,
1900,C10R20JSJDE16GC14,1121110020018KJDE0,
1900,C10R20JSJDE16HM36,1121110020018KJDE0,
1900,C10R20JSJDE16HM38,1121110020018KJDE0,
1900,R0000010R20JDEGC04,1121110020018KJDE0,
1900,C1020JS10916VDEG01,1121110020018KVDE0,
1900,C10R20JSJDE16HM34,1121110020018KVDE0,
1900,R0000010R20JDEGR20,1121110020018KVDE0,
1900,C11R20JS114TTGC01,1121111020016K1141,
1900,C11R20JDCXDGC11,1121111020016KCXD0,
1900,C11R20JDCXDGC12,1121111020016KCXD0,
1900,C11R20JDCXDGC13,1121111020016KCXD0,
1900,C11R20JDCXDGC14,1121111020016KCXD0,
1900,R00011R20JDCXDGC04,1121111020016KCXD0,
1900,R00011R20JDCXDGC06,1121111020016KCXD0,
1900,R00011R20JDCXDGC07,1121111020016KCXD0,
1900,R0011R20JDCXDHMI02,1121111020016KCXD0,
1900,R0011R20JDCXDHMI05,1121111020016KCXD0,
1900,R0011R20JDCXDHMI06,1121111020016KCXD0,
1900,R011R20JDCXDHMI05,1121111020016KCXD0,
1900,R011R20JDCXDHMI06,1121111020016KCXD0,
1900,C00011R20JSJDEHM07,1121111020016KDEP0,
1900,C00011R20JSJDEHM08,1121111020016KDEP0,
1900,C00011R20JSJDEHM09,1121111020016KDEP0,
1900,C00011R20JSJDEHM10,1121111020016KDEP0,
1900,C11R20JSJDE16GC01,1121111020016KDEP0,
1900,C11R20JSJDE16GC02,1121111020016KDEP0,
1900,C11R20JSJDE16GC11,1121111020016KDEP0,
1900,C11R20JSJDE16GC12,1121111020016KDEP0,
1900,R0000011R20JDEGC03,1121111020016KDEP0,
1900,R0000011R20JDEGC06,1121111020016KDEP0,
1900,R0000011R20JDEGC07,1121111020016KDEP0,
1900,R0000011R20JDEGC08,1121111020016KDEP0,
1900,R0000011R20JDEGC09,1121111020016KDEP0,
1900,R0000011R20JDEGC10,1121111020016KDEP0,
1900,C11R20JSJDH16GC13,1121111020016KJDH0,
1900,C11R20JSJDH16GC14,1121111020016KJDH0,
1900,R0000011R20JDHGC04,1121111020016KJDH0,
1900,R0000011R20JDHGC05,1121111020016KJDH0,
1900,R0000011R20JDHGC06,1121111020016KJDH0,
1900,C27590R20JS121GC01,1121127A20149KDEF0,
1900,C27590R20JS121GC02,1121127A20149KDEF0,
1900,C10R20JSJDC316GC01,1121129A20000JDC30,
1900,C10R20JSJDC316GC02,1121129A20000JDC30,
1900,C10R20JSJDC316GC03,1121129A20000JDC30,
1900,C10R20JSJDC316GC04,1121129A20000JDC30,
1900,C10R20JSJDC316GC05,1121129A20000JDC30,
1900,C10R20JSJDC316GC07,1121129A20000JDC30,
1900,C10R20JSJDC316HM03,1121129A20000JDC30,
1900,C10R20JSJDC316HM05,1121129A20000JDC30,
1900,C10R20JSJDC316HM06,1121129A20000JDC30,
1900,C10R20JSJDC3TTHM02,1121129A20000JDC30,
1900,C10R20JSJDE16GC06,1121129A20000JDEP0,
1900,C10R20JSJDE16GC07,1121129A20000JDEP0,
1900,C10R20JSJDE16GC08,1121129A20000JDEP0,
1900,C10R20JSJDE16GC09,1121129A20000JDEP0,
1900,C10R20JSJDE16GC11,1121129A20000JDEP0,
1900,C10R20JSJDE16GC12,1121129A20000JDEP0,
1900,C10R20JSJDE16HM126,1121129A20000JDEP0,
1900,C10R20JSJDE16HM127,1121129A20000JDEP0,
1900,C10R20JSJDE16HM128,1121129A20000JDEP0,
1900,C10R20JSJDE16HM129,1121129A20000JDEP0,
1900,C10R20JSJDE16HM130,1121129A20000JDEP0,
1900,C10R20JSJDE16HM131,1121129A20000JDEP0,
1900,C10R20JSJDE16HM132,1121129A20000JDEP0,
1900,C10R20JSJDE16HM133,1121129A20000JDEP0,
1900,C10R20JSJDE16HM134,1121129A20000JDEP0,
1900,C10R20JSJDE16HM135,1121129A20000JDEP0,
1900,C10R20JSJDE16HM24,1121129A20000JDEP0,
1900,C10R20JSJDE16HM26,1121129A20000JDEP0,
1900,C10R20JSJDE16HM28,1121129A20000JDEP0,
1900,C10R20JSJDE16HM30,1121129A20000JDEP0,
1900,C10R20JSJDE16HM31,1121129A20000JDEP0,
1900,C10R20JSJDE16HM33,1121129A20000JDEP0,
1900,C10R20JSJDE16HM35,1121129A20000JDEP0,
1900,C10R20JSJDE16HM37,1121129A20000JDEP0,
1900,C10R20JSJDE16HM42,1121129A20000JDEP0,
1900,C10R20JSJDE16HM44,1121129A20000JDEP0,
1900,R0000010R20JDEGR11,1121129A20000JDEP0,
1900,R0000010R20JDEGR19,1121129A20000JDEP0,
1900,R0000010R20JDEGR22,1121129A20000JDEP0,
1900,R0000010R20JDEGR23,1121129A20000JDEP0,
1900,R0000010R20JDEHM08,1121129A20000JDEP0,
1900,R0000010R20JDEHM19,1121129A20000JDEP0,
1900,R0000010R20JDEHM74,1121129A20000JDEP0,
1900,C10R20JSJDE16HM131,1121129A20000JDEPM,
1900,C10R20JSJDE16HM33,1121129A20000JDEPM,
1900,R29590R20JS124GC01,1121129A20152J1241,
1900,R29590R20JS124GC02,1121129A20152J1241,
1900,C10R20JSJDCXDHM11,1121129A20152JCXD0,
1900,C10R20JSJDCXDHM12,1121129A20152JCXD0,
1900,C10R20JSJDCXDHM13,1121129A20152JCXD0,
1900,C10R20JSJDCXDHM14,1121129A20152JCXD0,
1900,C10R20JSJDCXDHM15,1121129A20152JCXD0,
1900,C10R20JSJDCXDHM16,1121129A20152JCXD0,
1900,C10R20JS12116HM01,1121129A20152JDLF0,
1900,C10R20JS12116HM02,1121129A20152JDLF0,
1900,C10R20JSJDEXFGC01,1121129A20152JDLF0,
1900,C10R20JSJDEXFGC03,1121129A20152JDLF0,
1900,C10R20JSJDEXFGC04,1121129A20152JDLF0,
1900,C10R20JSJDEXFGC05,1121129A20152JDLF0,
1900,C10R20JSJDEXFGC06,1121129A20152JDLF0,
1900,C10R20JSJDEXFGC08,1121129A20152JDLF0,
1900,C10R20JSJDEXFGC09,1121129A20152JDLF0,
1900,C10R20JSJDEXFGC10,1121129A20152JDLF0,
1900,C10R20JSJDEXFHM01,1121129A20152JDLF0,
1900,R29590R20JS124GC01,1121129A20152JLM20,
1900,R29590R20JS124GC02,1121129A20152JLM20,
1900,R000825R20JDH3GC03,1121182020014KDH30,
1900,R000825R20JDH3GC04,1121182020014KDH30,
1900,C0825R20JDE000GC11,1121182020016KDEP0,
1900,C0825R20JDE000GC12,1121182020016KDEP0,
1900,C0825R20JDE000GC13,1121182020016KDEP0,
1900,C0825R20JDE000GC14,1121182020016KDEP0,
1900,R0000825R20JDEGC01,1121182020016KDEP0,
1900,R0000825R20JDEGC02,1121182020016KDEP0,
1900,R0000825R20JDEGC04,1121182020016KDEP0,
1900,R0000825R20JDEGC06,1121182020016KDEP0,
1900,R0000825R20JDEGC07,1121182020016KDEP0,
1900,R0000825R20JDEGC10,1121182020016KDEP0,
1900,R000825R20JDH3GC01,1121182020016KDH30,
1900,R000825R20JDH3GC02,1121182020016KDH30,
1900,R000825R20JDH3GR01,1121182020016KDH30,
1900,R000825R20JDH3GR02,1121182020016KDH30,
1900,R000825R20JDH3HM01,1121182020016KDH30,
1900,R000825R20JDH3HM02,1121182020016KDH30,
1900,R000825R20JDH3MC01,1121182020016KDH30,
1900,R000825R20JDH3MC02,1121182020016KDH30,
1900,C27590R20JS121GC01,1121190020016KDEF0,
1900,C27590R20JS121GC02,1121190020016KDEF0,
1900,C009R20JSJDE16GC05,1121190020016KDEP0,
1900,C009R20JSJDE16GC06,1121190020016KDEP0,
1900,C009R20JSJDE16GC07,1121190020016KDEP0,
1900,C009R20JSJDE16GC08,1121190020016KDEP0,
1900,C009R20JSJDE16GC09,1121190020016KDEP0,
1900,C009R20JSJDE16GC10,1121190020016KDEP0,
1900,C009R20JSJDE16GC11,1121190020016KDEP0,
1900,C9R20JSJDE16GC02,1121190020016KDEP0,
1900,C9R20JSJDE16TTGC01,1121190020016KDEP0,
1900,C9R20JSJDE16TTGC03,1121190020016KDEP0,
1900,C9R20JSJDE16TTGC04,1121190020016KDEP0,
1900,C9R20JSJDH16GC01,1121190020016KJDH0,
1900,C9R20JSJDH16GC02,1121190020016KJDH0,
1900,C9R20JSJDH16GC03,1121190020016KJDH0,
1900,C9R20JSJDH16GC04,1121190020016KJDH0,
1900,C9R20JSJDH16GC05,1121190020016KJDH0,
1900,C9R20JSJDH16GC06,1121190020016KJDH0,
1900,C9R20JSJDH16GC07,1121190020016KJDH0,
1900,C9R20JSJDH16GC08,1121190020016KJDH0,
1900,C9R20JSJDH16HM01,1121190020016KJDH0,
1900,C9R20JSJDH16HM02,1121190020016KJDH0,
1900,C9R20JSJDH16HM03,1121190020016KJDH0,
1900,C9R20JSJDH16HM04,1121190020016KJDH0,
1900,C11R225JSJDHCGC01,112121102C016LJDH0,
1900,C11R225JSJDHCGC02,112121102C016LJDH0,
1900,C11R225JSJDHGC01,112121102C016LJDH0,
1900,C11R225JSJDHGC02,112121102C016LJDH0,
1900,R0000011R225JDHH01,112121102C016LJDH0,
1900,C25580R225119HM01,112122582C000JJDL0,
1900,C29580R225JDLXMGC2,112122982C016M1191,
1900,C29580R225JSJDLXM,112122982C016M1191,
1900,C29580R225JDLHM04,112122982C016MJDL0,
1900,C29580R225JDLHM05,112122982C016MJDL0,
1900,C29580R225JDLHM06,112122982C016MJDL0,
1900,C29580R225JDLHM07,112122982C016MJDL0,
1900,C29580R225JDLHM08,112122982C016MJDL0,
1900,C29580R225JDLHM09,112122982C016MJDL0,
1900,C29580R225JDLHM10,112122982C016MJDL0,
1900,C29580R225JDLHM11,112122982C016MJDL0,
1900,C29580R225JDLHM12,112122982C016MJDL0,
1900,C29580R225JDLHM13,112122982C016MJDL0,
1900,C29580R225JDLHM14,112122982C016MJDL0,
1900,C29580R225JDLHM15,112122982C016MJDL0,
1900,R029580R225JDLGC01,112122982C016MJDL0,
1900,R029580R225JDLGC03,112122982C016MJDL0,
1900,R029580R225JDLHM01,112122982C016MJDL0,
1900,R029580R225JDLHM03,112122982C016MJDL0,
1900,C29580R225J119GR01,112122982C016MJXM0,
1900,C29580R225J119GR02,112122982C016MJXM0,
1900,C33580R20JWJUZHM01,1121233820012KUZP0,
1900,C33580R20JWJUZHM02,1121233820012KUZP0,
1900,C10R20CHACUC16HM07,1122110020016KH3P0,
1900,C10R20JUH3GR39,1122110020016KH3P0,
1900,C10R20JUH3GR40,1122110020016KH3P0,
1900,C10R20JWJUC316GC10,1122110020016KH3P0,
1900,C10R20JWJUH316GC02,1122110020016KH3P0,
1900,C10R20JWJUH316GC04,1122110020016KH3P0,
1900,C10R20JWJUH316GC05,1122110020016KH3P0,
1900,C10R20JWJUH316GC06,1122110020016KH3P0,
1900,C10R20JWJUH316GC07,1122110020016KH3P0,
1900,C10R20JWJUH316GC09,1122110020016KH3P0,
1900,C10R20JWJUH316GC10,1122110020016KH3P0,
1900,C10R20JWJUH316GC12,1122110020016KH3P0,
1900,C10R20JWJUH316GC13,1122110020016KH3P0,
1900,C10R20JWJUH316GC14,1122110020016KH3P0,
1900,C10R20JWJUH316GR05,1122110020016KH3P0,
1900,C10R20JWJUH316GR06,1122110020016KH3P0,
1900,C10R20JWJUH316GR07,1122110020016KH3P0,
1900,C10R20JWJUH316GR08,1122110020016KH3P0,
1900,C10R20JWJUH316GR09,1122110020016KH3P0,
1900,C10R20JWJUH316GR10,1122110020016KH3P0,
1900,C10R20JWJUH316HM03,1122110020016KH3P0,
1900,C10R20JWJUH316HM04,1122110020016KH3P0,
1900,C10R20JWJUH316HM05,1122110020016KH3P0,
1900,C10R20JWJUH316HM06,1122110020016KH3P0,
1900,C10R20JWJUH316HM07,1122110020016KH3P0,
1900,C10R20JWJUH316HM08,1122110020016KH3P0,
1900,C10R20JWJUH316HM09,1122110020016KH3P0,
1900,C10R20JWJUH316HM10,1122110020016KH3P0,
1900,C10R20JWJUH316HM11,1122110020016KH3P0,
1900,C10R20JWJUH316HM12,1122110020016KH3P0,
1900,C10R20JWJUH316HM13,1122110020016KH3P0,
1900,C10R20JWJUH316HM14,1122110020016KH3P0,
1900,C10R20JWJUH316HM15,1122110020016KH3P0,
1900,C10R20JWJUH316HM16,1122110020016KH3P0,
1900,C10R20JWJUH316HM17,1122110020016KH3P0,
1900,C10R20JWJUH316HM18,1122110020016KH3P0,
1900,C10R20JWJUH316HM19,1122110020016KH3P0,
1900,C10R20JWJUH316HM20,1122110020016KH3P0,
1900,C10R20JWJUH316HM21,1122110020016KH3P0,
1900,C10R20JWJUH316HM22,1122110020016KH3P0,
1900,C10R20JWJUH316HM23,1122110020016KH3P0,
1900,C10R20JWJUH316HM24,1122110020016KH3P0,
1900,C10R20JWJUH316HM25,1122110020016KH3P0,
1900,C10R20JWJUH316HM26,1122110020016KH3P0,
1900,C10R20JWJUH316HM27,1122110020016KH3P0,
1900,C10R20JWJUH316HM28,1122110020016KH3P0,
1900,C10R20JWJUH316GC01,1122110020016KH3PT,
1900,C10R20JWJUH316GC03,1122110020016KH3PT,
1900,C10R20JWJUH316GC08,1122110020016KH3PT,
1900,C10R20JWJUH316GC11,1122110020016KH3PT,
1900,C10R20JWJUH516GC01,1122110020016KJH50,
1900,C10R20JWJUH516HM03,1122110020016KJH50,
1900,C10R20JUH509,1122110020016KUH50,
1900,C10R20JUH510,1122110020016KUH50,
1900,C10R20JUH511,1122110020016KUH50,
1900,C10R20JUH512,1122110020016KUH50,
1900,C10R20JUH513,1122110020016KUH50,
1900,C10R20JUH514,1122110020016KUH50,
1900,C10R20JUH515,1122110020016KUH50,
1900,C10R20JUH516,1122110020016KUH50,
1900,C10R20JUH517,1122110020016KUH50,
1900,C10R20JUH518,1122110020016KUH50,
1900,C10R20JUH5HM03,1122110020016KUH50,
1900,C10R20JUH5HM04,1122110020016KUH50,
1900,C10R20JUH5R05,1122110020016KUH50,
1900,C10R20JUH5R07,1122110020016KUH50,
1900,C10R20JUH5R08,1122110020016KUH50,
1900,C10R20JUH5R09,1122110020016KUH50,
1900,C10R20JWJUH516GC01,1122110020016KUH50,
1900,C10R20JWJUH516GC13,1122110020016KUH50,
1900,C10R20JWJUH516GR01,1122110020016KUH50,
1900,C10R20JWJUH516GR03,1122110020016KUH50,
1900,C10R20JWJUH516GR05,1122110020016KUH50,
1900,C10R20JWJUH516GR07,1122110020016KUH50,
1900,C10R20JWJUH516GR09,1122110020016KUH50,
1900,C10R20JWJUH516GR10,1122110020016KUH50,
1900,C10R20JWJUH516GR13,1122110020016KUH50,
1900,C10R20JWJUH516GR15,1122110020016KUH50,
1900,C10R20JWJUH516GR16,1122110020016KUH50,
1900,C10R20JWJUH516GR20,1122110020016KUH50,
1900,C10R20JWJUH516HM02,1122110020016KUH50,
1900,C10R20JWJUH516HM03,1122110020016KUH50,
1900,C10R20JWJUH516HM05,1122110020016KUH50,
1900,C10R20JWJUH516HM06,1122110020016KUH50,
1900,C10R20JWJUH516HM07,1122110020016KUH50,
1900,C10R20JWJUH516HM08,1122110020016KUH50,
1900,C10R20JWJUH516HM10,1122110020016KUH50,
1900,C10R20JWJUH516HM11,1122110020016KUH50,
1900,C10R20JWJUH516HM14,1122110020016KUH50,
1900,R000011R20JUH3HM01,1122111020016KJH30,
1900,R000011R20JUH3HM02,1122111020016KJH30,
1900,C11R20JWJUH516GC01,1122111020016KUH50,
1900,C11R20JWJUH516GC02,1122111020016KUH50,
1900,C11R20JWJUH516GC03,1122111020016KUH50,
1900,C11R20JWJUH516GC04,1122111020016KUH50,
1900,C11R20JWJUH516GC05,1122111020016KUH50,
1900,C11R20JWJUH516GC06,1122111020016KUH50,
1900,C11R20JWJUH516GC07,1122111020016KUH50,
1900,C11R20JWJUH516GC08,1122111020016KUH50,
1900,C27590R20JW304HM01,1122127A20149KUHF0,
1900,C27590R20JW304HM02,1122127A20149KUHF0,
1900,C10R20JWJUH516GC02,1122129A20000JUH50,
1900,C10R20JWJUH516GC03,1122129A20000JUH50,
1900,C10R20JWJUH516GC09,1122129A20000JUH50,
1900,C10R20JWJUH516GC10,1122129A20000JUH50,
1900,C10R20JWJUH516GC11,1122129A20000JUH50,
1900,C10R20JWJUH516GC12,1122129A20000JUH50,
1900,C10R20JWJUH516GC15,1122129A20000JUH50,
1900,C10R20JWJUH516GC19,1122129A20000JUH50,
1900,C10R20JWJUH516GC20,1122129A20000JUH50,
1900,C10R20JWJUH516GR02,1122129A20000JUH50,
1900,C10R20JWJUH516GR04,1122129A20000JUH50,
1900,C10R20JWJUH516GR06,1122129A20000JUH50,
1900,C10R20JWJUH516GR08,1122129A20000JUH50,
1900,C10R20JWJUH516GR11,1122129A20000JUH50,
1900,C10R20JWJUH516GR12,1122129A20000JUH50,
1900,C10R20JWJUH516GR14,1122129A20000JUH50,
1900,C10R20JWJUH516GR17,1122129A20000JUH50,
1900,C10R20JWJUH516GR18,1122129A20000JUH50,
1900,C10R20JWJUH516GR19,1122129A20000JUH50,
1900,C10R20JWJUH516HM01,1122129A20000JUH50,
1900,C10R20JWJUH516HM04,1122129A20000JUH50,
1900,C10R20JWJUH516HM09,1122129A20000JUH50,
1900,C10R20JWJUH516HM12,1122129A20000JUH50,
1900,C10R20JWJUH516HM13,1122129A20000JUH50,
1900,C10R20JWJUH516HM75,1122129A20000JUH50,
1900,C10R20JWJUH516HM76,1122129A20000JUH50,
1900,C10R20JWJUH516HM77,1122129A20000JUH50,
1900,C10R20JWJUH516HM78,1122129A20000JUH50,
1900,C10R20JWJUH516HM79,1122129A20000JUH50,
1900,C10R20JWJUH516HM80,1122129A20000JUH50,
1900,C10R20JWJUH516HM81,1122129A20000JUH50,
1900,C10R20JWJUH516HM82,1122129A20000JUH50,
1900,C10R20JW21416HM01,1122129A20152J2141,
1900,C10R20JW30416HM01,1122129A20152JULF0,
1900,C10R20JWJUHXFGC01,1122129A20152JULF0,
1900,C10R20JWJUHXFGC02,1122129A20152JULF0,
1900,C10R20JWJUHXFGC03,1122129A20152JULF0,
1900,C10R20JWJUHXFGC04,1122129A20152JULF0,
1900,C10R20JWJUHXFGC05,1122129A20152JULF0,
1900,C10R20JWJUHXFGC07,1122129A20152JULF0,
1900,C10R20JWJUHXFHM01,1122129A20152JULF0,
1900,C10R20JWJUHXFHM02,1122129A20152JULF0,
1900,C750R20JWJUH5HM01,1122175020014KUH50,
1900,C750R20JWJUH5HM02,1122175020014KUH50,
1900,R000825R20JUH3GC03,1122182020014KH3P0,
1900,R000825R20JUH3GC01,1122182020016KH3P0,
1900,R000825R20JUH3GC02,1122182020016KH3P0,
1900,R000825R20JUH3GR02,1122182020016KH3P0,
1900,C0825R20JUH500GC07,1122182020016KUH50,
1900,C0825R20JUH500GC08,1122182020016KUH50,
1900,C0825R20JUH500GC09,1122182020016KUH50,
1900,C0825R20JUH500GC10,1122182020016KUH50,
1900,R000825R20JUH5GC01,1122182020016KUH50,
1900,R000825R20JUH5GC02,1122182020016KUH50,
1900,R000825R20JUH5GC05,1122182020016KUH50,
1900,R000825R20JUH5GC06,1122182020016KUH50,
1900,C9R20JWJUH316GC02,1122190020014KJH30,
1900,C9R20JWJUH316GC03,1122190020014KJH30,
1900,C9R20JWJUH316GC04,1122190020014KJH30,
1900,C9R20JWJUH316GC05,1122190020014KJH30,
1900,C9R20JWJUH316GC06,1122190020014KJH30,
1900,C9R20JWJUH316GC07,1122190020014KJH30,
1900,C9R20JWJUH316GC08,1122190020014KJH30,
1900,C9R20JWJUH316GC10,1122190020014KJH30,
1900,C9R20JWJUH316GC11,1122190020014KJH30,
1900,C9R20JWJUH316GC12,1122190020014KJH30,
1900,C9R20JWJUH316GR02,1122190020014KJH30,
1900,C9R20JWJUH316GR03,1122190020014KJH30,
1900,C9R20JWJUH316GR04,1122190020014KJH30,
1900,C9R20JWJUH316HM01,1122190020014KJH30,
1900,C9R20JWJUH316HM03,1122190020014KJH30,
1900,C9R20JWJUH316HM05,1122190020014KJH30,
1900,C9R20JWJUH316HM06,1122190020014KJH30,
1900,C9R20JWJUH316HM07,1122190020014KJH30,
1900,C9R20JWJUH316HM08,1122190020014KJH30,
1900,C9R20JWJUH316HM10,1122190020014KJH30,
1900,C9R20JWJUH316HM13,1122190020014KJH30,
1900,C9R20JWJUH316HM15,1122190020014KJH30,
1900,C9R20JWJUH316HM16,1122190020014KJH30,
1900,C9R20JWJUH316HM17,1122190020014KJH30,
1900,C9R20JWJUH316MK02,1122190020014KJH30,
1900,C9R20JWJUH316GC01,1122190020016KJH30,
1900,C9R20JWJUH316HM02,1122190020016KJH30,
1900,C9R20JWJUH316HM09,1122190020016KJH30,
1900,C9R20JWJUH316HM11,1122190020016KJH30,
1900,C9R20JWJUH316HM12,1122190020016KJH30,
1900,C9R20JWJUH316HM14,1122190020016KJH30,
1900,C9R20JWJUH7TTGC01,1122190020016KJUR0,
1900,C09R20JWJUH516GC01,1122190020016KUH50,
1900,C09R20JWJUH516GC02,1122190020016KUH50,
1900,C09R20JWJUH516GC03,1122190020016KUH50,
1900,C09R20JWJUH516GC04,1122190020016KUH50,
1900,C9R20JWJUH516HM01,1122190020016KUH50,
1900,C9R20JWJUH516HM02,1122190020016KUH50,
1900,C27590R20JW304HM01,1122190020016KUHF0,
1900,C27590R20JW304HM02,1122190020016KUHF0,
1900,C11R225JSJDHGC01,112221102C016LJUH0,
1900,C11R225JWJUHHM03,112221102C016LJUH0,
1900,C11R225JWJUHHM04,112221102C016LJUH0,
1900,C11R225JWJUHHM05,112221102C016LJUH0,
1900,C11R225JWJUHHM06,112221102C016LJUH0,
1900,C25570R225217GC01,112222562C016MUXE0,
1900,C25570R225217GC02,112222562C016MUXE0,
1900,C25570R225217GC03,112222562C016MUXE0,
1900,C25570R225217GC04,112222562C016MUXE0,
1900,C25570R225217GC05,112222562C016MUXE0,
1900,C25570R225217GC06,112222562C016MUXE0,
1900,C25570R225217GC01,112222562C143JUXE0,
1900,C25570R225217GC02,112222562C143JUXE0,
1900,C25570R225217GC03,112222562C143JUXE0,
1900,C25570R225217GC04,112222562C143JUXE0,
1900,C25570R225217GC05,112222562C143JUXE0,
1900,C25570R225217GC06,112222562C143JUXE0,
1900,C25570R225217GC01,112222562C143MUXE0,
1900,C25570R225217GC04,112222562C143MUXE0,
1900,C027570R225JTLHM01,112222762C016JUXE0,
1900,C27570R225217GC01,112222762C016JUXE0,
1900,R29580R225JUX3GC01,112222982C016J2121,
1900,R29580R225JUX3GC02,112222982C016J2121,
1900,C29580R225217GC01,112222982C016JUXE0,
1900,C29580R225217HMI01,112222982C016JUXE0,
1900,C29580R225JUXEGC02,112222982C016JUXE0,
1900,C29580R225JUXEGC03,112222982C016JUXE0,
1900,C29580R225J210HM01,112222982C016M2101,
1900,C29580R225J210HM02,112222982C016M2101,
1900,C29580R225J210HM02,112222982C016M2221,
1900,C29580R225JUL1GC06,112222982C016MJL10,
1900,C29580R225JUL1HM01,112222982C016MJL10,
1900,C29580R225JUL1HM04,112222982C016MJL10,
1900,C29580R225JUL1HM05,112222982C016MJL10,
1900,C29580R225JUL1HM07,112222982C016MJL10,
1900,C29580R225JUL1HM08,112222982C016MJL10,
1900,C29580R225JUL1HM15,112222982C016MJL10,
1900,C29580R225JUL1HM18,112222982C016MJL10,
1900,R29580R225JUL1GC03,112222982C016MJL10,
1900,R29580R225JUL1GC04,112222982C016MJL10,
1900,R29580R225JUL1GR01,112222982C016MJL10,
1900,R29580R225JUL1HM03,112222982C016MJL10,
1900,R29580R225JUL1HM06,112222982C016MJL10,
1900,C29580R225JUMGC10,112222982C016MJM1E,
1900,R029580R225JUMHM07,112222982C016MJM1E,
1900,C029580R225JUMGC01,112222982C016MJUM0,
1900,C029580R225JUMGC02,112222982C016MJUM0,
1900,C29580R225JUMGC03,112222982C016MJUM0,
1900,C29580R225JUMGC04,112222982C016MJUM0,
1900,C29580R225JUMGC05,112222982C016MJUM0,
1900,C29580R225JUMGC06,112222982C016MJUM0,
1900,C29580R225JUMGC07,112222982C016MJUM0,
1900,C29580R225JUMGC08,112222982C016MJUM0,
1900,C29580R225JUMGC09,112222982C016MJUM0,
1900,C29580R225JUMGC11,112222982C016MJUM0,
1900,C29580R225JUMGC15,112222982C016MJUM0,
1900,R029580R225JUMGC13,112222982C016MJUM0,
1900,R029580R225JUMGC14,112222982C016MJUM0,
1900,R029580R225JUMGC16,112222982C016MJUM0,
1900,R029580R225JUMGC17,112222982C016MJUM0,
1900,R029580R225JUMGC18,112222982C016MJUM0,
1900,R029580R225JUMHM08,112222982C016MJUM0,
1900,R029580R225JUMHM16,112222982C016MJUM0,
1900,R029580R225JUMHM17,112222982C016MJUM0,
1900,C29580R225210GC01M,112222982C016MJXM0,
1900,C29580R225210GC02M,112222982C016MJXM0,
1900,C29580R225210GC07,112222982C016MJXM0,
1900,C29580R225J210GC03,112222982C016MJXM0,
1900,C29580R225J210GC04,112222982C016MJXM0,
1900,C29580R225J210GC05,112222982C016MJXM0,
1900,C29580R225J210GC06,112222982C016MJXM0,
1900,C29580R225J210GC07,112222982C016MJXM0,
1900,C29580R225J210GC08,112222982C016MJXM0,
1900,C29580R225J210GC09,112222982C016MJXM0,
1900,C29580R225J210GC10,112222982C016MJXM0,
1900,C29580R225J210GC11,112222982C016MJXM0,
1900,C29580R225J210GC12,112222982C016MJXM0,
1900,C29580R225J210GC13,112222982C016MJXM0,
1900,C29580R225J210GC14,112222982C016MJXM0,
1900,C29580R225J210HM01,112222982C016MJXM0,
1900,C29580R225J210HM02,112222982C016MJXM0,
1900,C38565225JUH6HM01,112222982C016MJXM0,
1900,C38565225JUH6HM02,112222982C016MJXM0,
1900,R29580R225JUL3GC01,112222982C016MUL30,
1900,R29580R225JUL3GC02,112222982C016MUL30,
1900,C29580R225J210GC03,112222982C152MJXM0,
1900,C29580R225J210GC04,112222982C152MJXM0,
1900,C29580R225J210GC05,112222982C152MJXM0,
1900,C29580R225J210GC06,112222982C152MJXM0,
1900,C29580R225J210GC07,112222982C152MJXM0,
1900,C29580R225J210GC08,112222982C152MJXM0,
1900,C29580R225J210GC09,112222982C152MJXM0,
1900,C29580R225J210GC10,112222982C152MJXM0,
1900,C29580R225J210GC15,112222982C152MJXM0,
1900,C29580R225J210GC16,112222982C152MJXM0,
1900,C29580R225J210HM01,112222982C152MJXM0,
1900,C29580R225J210HM02,112222982C152MJXM0,
1900,C29580R225JXM2HM02,112222982C152MUM20,
1900,C29580R225217GC01,112222982C152MUXE0,
1900,C29580R225217HMI01,112222982C152MUXE0,
1900,C29580R225JUXEGC02,112222982C152MUXE0,
1900,C29580R225JUXEGC03,112222982C152MUXE0,
1900,C29580R225217GC01,112222982C154MUXE0,
1900,C29580R225217HMI01,112222982C154MUXE0,
1900,C29580R225JUXEGC02,112222982C154MUXE0,
1900,C29580R225JUXEGC03,112222982C154MUXE0,
1900,C10R2016CUC01,1123110020016KCUC0,
1900,C10R20CCUCHM01,1123110020016KCUC0,
1900,C10R20CCUCHM02,1123110020016KCUC0,
1900,C10R20CCUCHM03,1123110020016KCUC0,
1900,C10R20CCUCHM12,1123110020016KCUC0,
1900,C10R20CHACUC16HM01,1123110020016KCUC0,
1900,C10R20CHACUC16HM06,1123110020016KCUC0,
1900,C10R20CHACUC16HM08,1123110020016KCUC0,
1900,C10R20CHACUC16HM09,1123110020016KCUC0,
1900,C10R20CHACUC16HM10,1123110020016KCUC0,
1900,C10R20CHACUC16HM12,1123110020016KCUC0,
1900,C10R20CHACUC16HM13,1123110020016KCUC0,
1900,C10R20CHACUC16HM14,1123110020016KCUC0,
1900,C10R20CHACUC16HM15,1123110020016KCUC0,
1900,C10R20CHACUC16HM16,1123110020016KCUC0,
1900,C10R20CHCUC16HM04,1123110020016KCUC0,
1900,C10R20JWJUC316GC07,1123110020016KJC30,
1900,C10R20JWJUC316GC08,1123110020016KJC30,
1900,C10R20JWJUC316GC09,1123110020016KJC30,
1900,C10R20JWJUC316GC10,1123110020016KJC30,
1900,C10R20JWJUC316GC11,1123110020016KJC30,
1900,C10R20JWJUC316GC12,1123110020016KJC30,
1900,C10R20JWJUC316HM09,1123110020016KJC30,
1900,C10R20JWJUC316HM10,1123110020016KJC30,
1900,C10R20JWJUC316HM11,1123110020016KJC30,
1900,C10R20JWJUC316HM14,1123110020016KJC30,
1900,C10R20JWJUCTTMB01,1123110020016KJUC0,
1900,C10R20JWJUCTTMB02,1123110020016KJUC0,
1900,C10R20CHCDU100GR10,1123110020016KU10C,
1900,C10R20CHCDU100HM05,1123110020016KU10C,
1900,C10R20CHCDU100HM11,1123110020016KU10C,
1900,C10R20CHCDU100HM12,1123110020016KU10C,
1900,C11R20JSJUC316GC03,1123111020016KJC30,
1900,C11R20JSJUC316GC04,1123111020016KJC30,
1900,R000011R20JUC3GC01,1123111020016KJC30,
1900,R000011R20JUC3HM09,1123111020016KJC30,
1900,R000011R20JUC3HM10,1123111020016KJC30,
1900,R000011R20JUC3HM11,1123111020016KJC30,
1900,R000011R20JUC3HM12,1123111020016KJC30,
1900,R000011R20JUC3HM13,1123111020016KJC30,
1900,R000011R20JUC3HM14,1123111020016KJC30,
1900,C10R20JWJUC316GC13,1123129A20000JJC30,
1900,C10R20JWJUC316GC14,1123129A20000JJC30,
1900,C10R20JWJUC316HM07,1123129A20000JJC30,
1900,C10R20JWJUC316HM08,1123129A20000JJC30,
1900,C10R20JWJUC316HM12,1123129A20000JJC30,
1900,C10R20JWJUC316HM13,1123129A20000JJC30,
1900,C10R20JW30216GC01,1123129A20152JUCM0,
1900,C10R20JW30216HM01,1123129A20152JUCM0,
1900,C10R20JW30216HM02,1123129A20152JUCM0,
1900,C10R20JW30216HM03,1123129A20152JUCM0,
1900,C10R20JW30216HM04,1123129A20152JUCM0,
1900,C10R20JW30216HM05,1123129A20152JUCM0,
1900,C10R20JW30216HM06,1123129A20152JUCM0,
1900,C10R20JW30216HM07,1123129A20152JUCM0,
1900,C10R20JW30216HM08,1123129A20152JUCM0,
1900,C10R20JW30216HM09,1123129A20152JUCM0,
1900,C9R20JWJUC216GC01,1123190020016KJC20,
1900,C9R20JWJUC216GC02,1123190020016KJC20,
1900,C9R20JWJUC216GR01,1123190020016KJC20,
1900,C9R20JWJUC216GR02,1123190020016KJC20,
1900,C9R20JWJUC216GC01,1123190020016KUC2C,
1900,C9R20JWJUC216GC02,1123190020016KUC2C,
1900,R000011R225JUCGC01,112321102C016LJUC0,
1900,R000011R225JUCGC02,112321102C016LJUC0,
1900,C29580R225305HMI01,112322982C016M3051,
1900,C29580R225306HMI01,112322982C016M3061,
1900,C29580R225305HMI01,112322982C016MUCM0,
1900,C29580R225JUCGC01,112322982C016MUCM0,
1900,C29580R225JUCGC02,112322982C016MUCM0,
1900,C29580R225JUCHM01,112322982C016MUCM0,
1900,C29580R225JUCHM02,112322982C016MUCM0,
1900,C10R20VDC316HM04,1151110020016KDC3V,
1900,C10R20JDEINA16GC01,1151110020016KJIN0,
1900,C10R20JDEINA16HM01,1151110020016KJIN0,
1900,C10R20JSJDEINAGC01,1151110020016KJIN0,
1900,C10R20JSJDEINAHM01,1151110020016KJIN0,
1900,C10R20JSJDEINAGC01,1151110020016KVIN0,
1900,C11R22RPYPD301HM01,115121102C016L301P,
1900,C11R22RPYPD301HM02,115121102C016L301P,
1900,C11R22RPYPD301HM03,115121102C016L301P,
1900,C11R22RPYPD301HM04,115121102C016L301P,
1900,C11R225CHACDHHM01,115121102C016LCDHC,
1900,C11R225CHACDHHM02,115121102C016LCDHC,
1900,R00011R225VDL1GR01,115121102C016LDL1V,
1900,R00011R225VDL1GR02,115121102C016LDL1V,
1900,C11R225JSJDH5HM01,115121102C016LH5P0,
1900,C11R225JSJDH5HM02,115121102C016LH5P0,
1900,R000011R225JDCGC01,115121102C016LJDC0,
1900,R000011R225JDCGC02,115121102C016LJDC0,
1900,C11R225JSJDHCGC01,115121102C016LJDH0,
1900,C11R225JSJDHCGC02,115121102C016LJDH0,
1900,C11R225JSJDHGC01,115121102C016LJDH0,
1900,C11R225JSJDHGC02,115121102C016LJDH0,
1900,R0000011R225JDHH01,115121102C016LJDH0,
1900,R0000011R225JDHH02,115121102C016LJDH0,
1900,C11R225JSJDH5HM01,115121102C016LV5P0,
1900,C11R225JSJDH5HM02,115121102C016LV5P0,
1900,C11R225JSJDHCGC01,115121102C016LVDH0,
1900,C11R225JSJDHCGC02,115121102C016LVDH0,
1900,C11R225JSJDHGC01,115121102C016LVDH0,
1900,C11R225JSJDHGC02,115121102C016LVDH0,
1900,C27580R225JJDHHM01,115122782C016LJDH0,
1900,C27580R225JJDHHM02,115122782C016LJDH0,
1900,C29560R225JDL3HM01,115122942C018LDL30,
1900,C29560R225JDL3HM02,115122942C018LDL30,
1900,C29575R225JDL1GC01,115122972C014MDL1V,
1900,C29575R225JDL1GC02,115122972C014MDL1V,
1900,C29575R225JDL1GC03,115122972C014MDL1V,
1900,C29575R225JDL1GC04,115122972C014MDL1V,
1900,C29575R225JDL1GR01,115122972C014MDL1V,
1900,C29575R225JDL1GR02,115122972C014MDL1V,
1900,C29575RPYPD301HM01,115122972C016L301P,
1900,C29575RPYPD301HM02,115122972C016L301P,
1900,C29575RPYPD301HM03,115122972C016L301P,
1900,C29575RPYPD301HM04,115122972C016L301P,
1900,C29575RPYPD301HM05,115122972C016L301P,
1900,C29575RPYPD301HM06,115122972C016L301P,
1900,C29580R225JDC3HM01,115122982C016KDC30,
1900,C29580R225JDC3HM02,115122982C016KDC30,
1900,C29580R225JDC3HM01,115122982C016KDC3V,
1900,C29580R225JDC3HM02,115122982C016KDC3V,
1900,C29580R225J119GR01,115122982C016MJXM0,
1900,C29580R225J119GR02,115122982C016MJXM0,
1900,C29580R225JJDCHM01,115122982C018KCXD0,
1900,C29580R225JJDCHM02,115122982C018KCXD0,
1900,C31560R225JDL3GC01,115123142C020LDL30,
1900,C31560R225JDL3GC02,115123142C020LDL30,
1900,C31570R225JDL3GR01,115123162C018LDL30,
1900,C31570R225JDL3GR02,115123162C018LDL30,
1900,C31570R225JDL3HM01,115123162C018LDL30,
1900,C31570R225JDL3HM02,115123162C018LDL30,
1900,C31570R225JDL3HM01,115123162C018LDL3V,
1900,C31570R225JDL3HM02,115123162C018LDL3V,
1900,C31570225JDL3HM01,115123162C018LL3P0,
1900,C31570225JDL3HM02,115123162C018LL3P0,
1900,31570225JDCXDHM01,115123162C154LCXD0,
1900,C31580R225JDL3HM01,115123182C018LDL30,
1900,C31580R225JDL3HM02,115123182C018LDL30,
1900,R31580R225JDL3GR01,115123182C018LDL30,
1900,R31580R225JDL3GR02,115123182C018LDL30,
1900,C031580225JDL3HM01,115123182C018LDL3V,
1900,C031580225JDL3HM02,115123182C018LDL3V,
1900,C31580R225JDL3HM01,115123182C018LDL3V,
1900,C31580R225JDL3HM02,115123182C018LDL3V,
1900,C031580225JDL3HM01,115123182C018LL3P0,
1900,C031580225JDL3HM02,115123182C018LL3P0,
1900,31580R225JDCXDHM01,115123182C020KCXD0,
1900,31580R225JDCXDHM02,115123182C020KCXD0,
1900,R0000010R20CUXHM01,1152110020016KCUXC,
1900,R0000010R20CUXHM02,1152110020016KCUXC,
1900,R0000010R20CUXYE01,1152110020016KCUXC,
1900,R0000010R20CUXYE02,1152110020016KCUXC,
1900,C10R20JWJUH316HM01,1152110020016KVH30,
1900,C10R20JWJUH316HM02,1152110020016KVH30,
1900,R000011R20JUH3GR01,1152111020016KVH30,
1900,R000825R20JUH3GC04,1152182020016KH3PV,
1900,R000825R20JUH3GC05,1152182020016KH3PV,
1900,C9R20JWJUH316GC09,1152190020016KVH30,
1900,C9R20JWJUH316HM16,1152190020016KVH30,
1900,C9R20JWJUH316HM17,1152190020016KVH30,
1900,C11R225JWJTHSDGR01,115221102C014LJTS0,
1900,C11R225JWJTHSDGR02,115221102C014LJTS0,
1900,C11R225JWJTHSDHC01,115221102C014LJTS0,
1900,C11R225JWJTHSDHC02,115221102C014LJTS0,
1900,C11R225NEWPDRM011,115221102C014LNPC0,
1900,C11R225NEWPDRM013,115221102C014LNPC0,
1900,C11R225NEWPDRM016,115221102C014LNPC0,
1900,C11R225NEWPDRM019,115221102C014LNPC0,
1900,C11R225JWJUXGC01,115221102C016JJUX0,
1900,R000011R225JUXHM01,115221102C016JVUX0,
1900,C11R225PYPS301HM01,115221102C016L301P,
1900,C11R225PYPS301HM02,115221102C016L301P,
1900,C11R225JWJUHHM05,115221102C016LCUHC,
1900,C11R225JWJUHHM06,115221102C016LCUHC,
1900,C11R225JWJTHSDGR01,115221102C016LJTS0,
1900,C11R225JWJTHSDGR02,115221102C016LJTS0,
1900,C11R225JWJTHSDHC01,115221102C016LJTS0,
1900,C11R225JWJTHSDHC02,115221102C016LJTS0,
1900,C11R225JUHDOTHM01,115221102C016LJUH0,
1900,C11R225JWJUHHM05,115221102C016LJUH0,
1900,C11R225JWJUHHM06,115221102C016LJUH0,
1900,C11R225JWJUL2HM01,115221102C016LL2P0,
1900,C11R225JWJUL2HM02,115221102C016LL2P0,
1900,C11R225JTHDOTHM01,115221102C016LTH10,
1900,C11R225JWJTH1HM01,115221102C016LTH10,
1900,R00011R225JTH1GC01,115221102C016LTH10,
1900,C0011R225JTLSDGR01,115221102C016LTLSV,
1900,C0011R225JTLSDGR02,115221102C016LTLSV,
1900,C000011R225UH1GR01,115221102C016LUH1V,
1900,C000011R225UH1GR02,115221102C016LUH1V,
1900,R00011R225JUH5HM01,115221102C016LUH50,
1900,R00011R225JUH5HM02,115221102C016LUH50,
1900,R00011R225JUH5HM01,115221102C016LVH50,
1900,R00011R225JUH5HM02,115221102C016LVH50,
1900,C11R225JWJUHHM03,115221102C016MJUH0,
1900,C11R225JWJUHHM04,115221102C016MJUH0,
1900,C11R225JWJUHHM05,115221102C016MJUH0,
1900,C11R225JWJUHHM06,115221102C016MJUH0,
1900,C25570R225JTH1GC01,115222562C016MTH10,
1900,C25570R225JTH1GC02,115222562C016MTH10,
1900,C25570R225JTH1GC03,115222562C016MTH10,
1900,C25570R225JTH1GC04,115222562C016MTH10,
1900,C25570R225JTH1HM01,115222562C016MTH10,
1900,C25570R225JTL1GR01,115222562C016MTL1V,
1900,C25570R225JTL1GR02,115222562C016MTL1V,
1900,C25570R225VTH1GC01,115222562C016MVT10,
1900,C25570R225VTH1GC02,115222562C016MVT10,
1900,C27570R225JTHHM01,115222762C016LTH10,
1900,C27570R225JTHHM02,115222762C016LTH10,
1900,C27570R225JTHHM01,115222762C016LVT10,
1900,C27570R225JTHHM02,115222762C016LVT10,
1900,C27570R225JTHHM01,115222762C018JTH10,
1900,C27570R225JTHHM02,115222762C018JTH10,
1900,C29575RJTHSD16GC01,115222972C014LJTS0,
1900,C29575RJTHSD16GC02,115222972C014LJTS0,
1900,C29575RJTHSD16GR01,115222972C014LJTS0,
1900,C29575RJTHSD16GR02,115222972C014LJTS0,
1900,C29575RJTHSD16GR03,115222972C014LJTS0,
1900,C29575RJTHSD16GR04,115222972C014LJTS0,
1900,C29575RJTHSD16GR05,115222972C014LJTS0,
1900,C29575RJTHSD16GR06,115222972C014LJTS0,
1900,C29575RJTHSD16GR07,115222972C014LJTS0,
1900,C29575RJTHSD16GR08,115222972C014LJTS0,
1900,C29575RJTHSD16GR09,115222972C014LJTS0,
1900,C29575RJTHSD16GR10,115222972C014LJTS0,
1900,C29575RJTLSDTLGR01,115222972C014MTLSV,
1900,C29575RJTLSDTLGR02,115222972C014MTLSV,
1900,C29575RJTLSDTLHM01,115222972C014MTLSV,
1900,C29575RJTLSDTLHM02,115222972C014MTLSV,
1900,C29575225JUH1GR01,115222972C014MUH1V,
1900,C29575225JUH1GR02,115222972C014MUH1V,
1900,C29575RPYPS301HM01,115222972C016L301P,
1900,C29575RPYPS301HM02,115222972C016L301P,
1900,C29575RPYPS301HM03,115222972C016L301P,
1900,C29575RPYPS301HM04,115222972C016L301P,
1900,C29575R225JUL3GR01,115222972C016LUL30,
1900,C29575R225JUL3GR02,115222972C016LUL30,
1900,C29575R225JUL3HM01,115222972C016LUL30,
1900,C29575R225JUL3HM02,115222972C016LUL30,
1900,R29580R225JUX3GC02,115222982C016JUXMV,
1900,C29580R225JUL1HM04,115222982C016MJL10,
1900,R29580R225JUL1GR03,115222982C016MJL10,
1900,R29580R225JUL1GR04,115222982C016MJL10,
1900,C29580R225J210GC03,115222982C154MJXM0,
1900,C29580R225J210GC08,115222982C154MJXM0,
1900,C29580225JUL4HMI02,115222982C154MUL40,
1900,C29580R225JXM2HM01,115222982C154MUM20,
1900,C31570R225JUL4HM01,115223162C018LUL40,
1900,C31570R225JUL4HM02,115223162C018LUL40,
1900,C31570R225JUL4HM03,115223162C018LUL40,
1900,C31570R225JUL4HM04,115223162C018LUL40,
1900,R31580R225JUL4GC01,115223182C018LUL40,
1900,R31580R225JUL4GC02,115223182C018LUL40,
1900,R31580R225JUL4GC01,115223182C018LUL4V,
1900,R31580R225JUL4GC02,115223182C018LUL4V,
1900,C31580R225VUL3GR01,115223182C018ML3PV,
1900,R31580R225JUL3GC01,115223182C018MUL30,
1900,R31580R225JUL3GC02,115223182C018MUL30,
1900,R31580R225JUL3GC03,115223182C018MUL30,
1900,R31580R225JUL3GC04,115223182C018MUL30,
1900,R31580R225JUL3GC01,115223182C018MVL30,
1900,R31580R225JUL3GC02,115223182C018MVL30,
1900,R31580R225JUL3GC04,115223182C018MVL30,
1900,C38555225JTLGC01,115223832C020KJTL0,
1900,C38555225JTLGC02,115223832C020KJTL0,
1900,C38555225JTLGC01,115223832C020KVTL0,
1900,C38555225JTLGC02,115223832C020KVTL0,
1900,C38565R225JUH6HM01,115223852C018LUH60,
1900,C38565225JTLGC01,115223852C020KJTL0,
1900,C38565225JTLGC02,115223852C020KJTL0,
1900,C38565225JTLGC06,115223852C020KJTL0,
1900,C38565225JUH6GR01,115223852C020KUH60,
1900,C38565225JUH6GR02,115223852C020KUH60,
1900,C38565225JUH6HM01,115223852C020KUH60,
1900,C38565225JUH6HM02,115223852C020KUH60,
1900,C38565225JUH6HM03,115223852C020KVH60,
1900,C38565225JUH6HM04,115223852C020KVH60,
1900,C38565225JTLHM01,115223852C020KVTLV,
1900,C38565225JTLHM02,115223852C020KVTLV,
1900,C38565225JTLGC03,115223852C024KJTL0,
1900,C38565225JTLGC04,115223852C024KJTL0,
1900,C38565225JTLGC05,115223852C024KJTL0,
1900,C38565225JTLGC06,115223852C024KJTL0,
1900,C38565225JUH6GC05,115223852C024KUH60,
1900,C38565225JUH6GC06,115223852C024KUH60,
1900,C38565225JUL4HMI01,115223852C024KUL40,
1900,C38565225JUL4HMI02,115223852C024KUL40,
1900,C38565225JUH6GC01,115223852C024KVH60,
1900,C38565225JUH6GC02,115223852C024KVH60,
1900,C38565225JTLGC05,115223852C024KVTLV,
1900,C38565225JTLGC06,115223852C024KVTLV,
1900,C10R20CHACDH16HM06,1153110020016KCDUC,
1900,C10R20CHACDH16HM10,1153110020016KCDUC,
1900,C10R20CHACUC16HM01,1153110020016KCUC1,
1900,C10R20CHACUC16HM02,1153110020016KCUC1,
1900,C11R225CHACUC2NS01,115321102C016LUC2C,
1900,C11R225CHACUC2NS02,115321102C016LUC2C,
1900,C11R225JWJUC2NS01,115321102C016LUC2V,
1900,C11R225JWJUC2NS02,115321102C016LUC2V,
1900,C29580R225JUCGC01,115322982C016MJXM0,
1900,C29580R225JUCGC02,115322982C016MJXM0,
1900,C29580R225JUCHM01,115322982C016MJXM0,
1900,C29580R225JUCHM02,115322982C016MJXM0,
1900,C31580R225JWTLGC01,115323182C018LUC40,
1900,C31580R225JWTLGC02,115323182C018LUC40,
1900,C31580R225JWTLGC01,115323182C018LUC4V,
1900,C31580R225JWTLGC02,115323182C018LUC4V,
1900,C38565225JUCXDHM01,115323852C020KUCD0,
1900,C38565225JUCXDHM02,115323852C020KUCD0,
1900,C38565225JUCXDHM03,115323852C020KUCD0,
1900,C38565225JUCXDHM04,115323852C020KUCD0,
1900,C38565225JUCXDHM01,115323852C024KUCD0,
1900,C38565225JUCXDHM02,115323852C024KUCD0,
1900,C38565225JUCXDHM03,115323852C024KUCD0,
1900,C38565225JUCXDHM04,115323852C024KUCD0,
1900,C31570R225JDL3HM01,116123162C018LDL30,
1900,C31570R225JDL3HM02,116123162C018LDL30,
1900,C38565225JTLGC05,116223852C020KJTL0,
1900,C38565225JTLGC06,116223852C020KJTL0,
1900,C38565225JUH6GR01,116223852C020KUH60,
1900,C38565225JUH6GR02,116223852C020KUH60,
1900,C38565225JUH6HM03,116223852C020KUH60,
1900,C38565225JUH6HM04,116223852C020KUH60,
1900,C38565225JUCXDHM01,116323852C020KCXD0,
1900,C38565225JUCXDHM02,116323852C020KCXD0,
1900,C38565225JUCXDHM03,116323852C020KCXD0,
1900,C38565225JUCXDHM04,116323852C020KCXD0,
1900,C195R15CXPC1TLHM01,1225119Z15008SXC10,
1900,C195R15CXPC1TLHM02,1225119Z15008SXC10,
1900,C195R15CXPC1TLHM03,1225119Z15008SXC10,
1900,C195R15XPC1TLCGC03,1225119Z15008SXC10,
1900,C195R15XPC1TLCGC04,1225119Z15008SXC10,
1900,C00155R12XPCHM01,1225215Z12008RXC10,
1900,C00155R12XPCHM02,1225215Z12008RXC10,
1900,C195R15UXPC1TCHM01,1225219Z15008SXC10,
1900,C195R15UXPC1TCHM02,1225219Z15008SXC10,
1900,C195R15UXPC1TLGC01,1225219Z15008SXC10,
1900,C195R15UXPC1TLGC02,1225219Z15008SXC10,
1900,C195R15UXPC1TLGC03,1225219Z15008SXC10,
1900,C195R15UXPC1TLGC04,1225219Z15008SXC10,
1900,C195R15XPC1MD03,1225219Z15008SXC10,
1900,C195R15CXPC1THMI02,1225219Z15008SXC11,
1900,C195R15CXPC1THMI03,1225219Z15008SXC11,
1900,C195R15CXPC1THMI04,1225219Z15008SXC11,
1900,C195R15CXPC1TLHM01,1225219Z15008SXC11,
1900,C195R15CXPC1TLHM02,1225219Z15008SXC11,
1900,C195R15CXPC1TLHM03,1225219Z15008SXC11,
1900,C195R15CXPC1TLHM04,1225219Z15008SXC11,
1900,C195R15CXPC1TLHM05,1225219Z15008SXC11,
1900,C195R15CXPC1TLHM06,1225219Z15008SXC11,
1900,C195R15XPC1TLCGC01,1225219Z15008SXC11,
1900,C195R15XPC1TLCGC02,1225219Z15008SXC11,
1900,C195R15XPC1TLCGC03,1225219Z15008SXC11,
1900,C195R15XPC1TLCGC04,1225219Z15008SXC11,
1900,C25565R16ELZTLGC01,1225225615113SRAT0,
1900,C25570R15RANAT01,1225225615113SRAT0,
1900,C25570R15RANAT02,1225225615113SRAT0,
1900,C25570R15RATTLHM01,1225225615113SRAT0,
1900,C25570R15RATTLHM02,1225225615113SRAT0,
1900,C14570R12NXTTLNS05,1325114612069TUNX0,
1900,C14570R12NXTTLNS06,1325114612069TUNX0,
1900,C14570R12NXTTLNS07,1325114612069TUNX0,
1900,C14570R12NXTTLNS08,1325114612069TUNX0,
1900,C14570R12NXTTLNS09,1325114612069TUNX0,
1900,C14570R12NXTTLNS10,1325114612069TUNX0,
1900,C14570R12NXTTLNS11,1325114612069TUNX0,
1900,C14570R12NXTTLNS12,1325114612069TUNX0,
1900,C14570R13NXTTLGR01,1325114613071TUNX0,
1900,C14570R13NXTTLGR02,1325114613071TUNX0,
1900,B1458012UHLIFHMI03,1325114812074TUHL0,
1900,B1458012UHLIFHMI04,1325114812074TUHL0,
1900,B1458012ULHLIFGC06,1325114812074TUHL0,
1900,C14580R12UHLTHMI03,1325114812074TUHL0,
1900,C14580R12UHLTHMI04,1325114812074TUHL0,
1900,C14580R12UHLTHMI08,1325114812074TUHL0,
1900,C14580R12UHLTHMI09,1325114812074TUHL0,
1900,C14580R12UHLTHMI10,1325114812074TUHL0,
1900,C14580R12UHLTHMI11,1325114812074TUHL0,
1900,C14580R12UHLTHMI12,1325114812074TUHL0,
1900,C14580R12XPTLDC12,1325114812074TULT0,
1900,C14580R12XPTLDC13,1325114812074TULT0,
1900,C14580R12NXTTLGR01,1325114812074TUNX0,
1900,C14580R12NXTTLGR02,1325114812074TUNX0,
1900,C14580R12NXTTLNS04,1325114812074TUNX0,
1900,C14580R12NXTTLNS05,1325114812074TUNX0,
1900,C14580R12NXTTLNS06,1325114812074TUNX0,
1900,C14580R12NXTTLNS07,1325114812074TUNX0,
1900,C14580R12NXTTLNS08,1325114812074TUNX0,
1900,C14580R12NXTTLNS09,1325114812074TUNX0,
1900,C16565R13TORTLDC05,1325116513077TTOR0,
1900,C16565R13TORTLDC07,1325116513077TTOR0,
1900,C16565R13TORTLGR02,1325116513077TTOR0,
1900,C16565R13TORTLGR04,1325116513077TTOR0,
1900,C16565R13TORTLGR05,1325116513077TTOR0,
1900,C16565R13TORTLGR06,1325116513077TTOR0,
1900,C165R14ULXPCTLGR04,1325116814008QXPC0,
1900,C165R14ULXPCTLGR05,1325116814008QXPC0,
1900,C165R14ULXPCTLMK01,1325116814008QXPC0,
1900,C16580R15XPCMK1,1325116815087SXPC0,
1900,C16580R15XPCMK2,1325116815087SXPC0,
1900,C16580R15XPCTLGR01,1325116815087SXPC0,
1900,C16580R15XPCTLGR02,1325116815087SXPC0,
1900,C16580R15XPCTLMK01,1325116815087SXPC0,
1900,C16580R15XPCTLMK02,1325116815087SXPC0,
1900,C21575R15BRTGR15,1325121715100SBRU0,
1900,C21575R15BRUTTGR02,1325121715100SBRU0,
1900,C21575R15BRUTTGR03,1325121715100SBRU0,
1900,C21575R15BRUTTGR04,1325121715100SBRU0,
1900,C21575R15BRUTTGR05,1325121715100SBRU0,
1900,C21575R15BRUTTGR06,1325121715100SBRU0,
1900,C21575R15BRUTTGR07,1325121715100SBRU0,
1900,C21575R15BRUTTHM01,1325121715100SBRU0,
1900,C21575R15BRUTTHM02,1325121715100SBRU0,
1900,C31105R15RATTLGC01,1325210015109QRAT0,
1900,C31105R15RATTLGC02,1325210015109QRAT0,
1900,CT13570R15STARHM03,1325213615099MSXT0,
1900,CT13570R15STARHM04,1325213615099MSXT0,
1900,T13570R15STARHM03,1325213615099MSXT0,
1900,T13570R15STARHM04,1325213615099MSXT0,
1900,C16580R14TORTLMK11,1325214617107MSXT0,
1900,T14570R17STXTAL01,1325214617107MSXT0,
1900,T14570R17STXTSX01,1325214617107MSXT0,
1900,T14570R17STXTSX02,1325214617107MSXT0,
1900,T14570R17STXTSX03,1325214617107MSXT0,
1900,C14580R12UHLTHMI08,1325214812074TTMX0,
1900,C14580R12UHLTHMI05,1325214812074TUHL0,
1900,C14580R12UHLTHMI06,1325214812074TUHL0,
1900,C14580R12UHLTHMI07,1325214812074TUHL0,
1900,C14580R12UHLTHMI08,1325214812074TUHL0,
1900,C14570R13NXTTLGR01,1325214812074TULT0,
1900,C14570R13NXTTLGR02,1325214812074TULT0,
1900,C14580R12ULTNEO02,1325214812074TULT0,
1900,C14580R12ULTNEO03,1325214812074TULT0,
1900,C14580R12ULTNEO04,1325214812074TULT0,
1900,C14580R12XPTLDC12,1325214812074TULT0,
1900,C14580R12XPTLDC13,1325214812074TULT0,
1900,C14580R12NEOTLGC04,1325214812074TUNE1,
1900,C14580R12NEOTLGC05,1325214812074TUNE1,
1900,C14580R12NEOTLGC06,1325214812074TUNE1,
1900,C14580R12NEOTLGC07,1325214812074TUNE1,
1900,C14580R12NEOTLGC08,1325214812074TUNE1,
1900,C14580R12NEOTLGC11,1325214812074TUNE1,
1900,C14580R12NEOTLGC12,1325214812074TUNE1,
1900,C14580R12NEOTLGC13,1325214812074TUNE1,
1900,C14580R12NEOTLGC14,1325214812074TUNE1,
1900,C14580R12NEOTLGC15,1325214812074TUNE1,
1900,C14580R12ULTNEO01,1325214812074TUNE1,
1900,C14580R12ULTNEO02,1325214812074TUNE1,
1900,C14580R12ULTNEO03,1325214812074TUNE1,
1900,C14580R12ULTNEO04,1325214812074TUNE1,
1900,C14580R12NXTTLDC03,1325214812074TUNX0,
1900,C14580R12NXTTLNS01,1325214812074TUNX0,
1900,C14580R12ULTNEO02,1325214812074TUNX0,
1900,C14580R12ULTNEO03,1325214812074TUNX0,
1900,C14580R12ULTNEO04,1325214812074TUNX0,
1900,C14580R13TAXIMGC01,1325214813075STMX0,
1900,C14580R13TAXIMGC02,1325214813075STMX0,
1900,C14580R13TAXIMHM01,1325214813075STMX0,
1900,C14580R13TAXIMHM02,1325214813075STMX0,
1900,C14580R13TAXIMHM03,1325214813075STMX0,
1900,C14580R13TAXIMHM04,1325214813075STMX0,
1900,C14580R13ELZTGR01,1325214813075SUHL0,
1900,C14580R13ELZTGR02,1325214813075SUHL0,
1900,C14580R13ULTHIGC01,1325214813075SUHL0,
1900,C14580R13ULTHIGC02,1325214813075SUHL0,
1900,C14580R13ULTNXT01,1325214813075SUNX0,
1900,C15565R13NEOMD05,1325215513073TUNE0,
1900,C15565R13NEOMD06,1325215513073TUNE0,
1900,C15565R13NEOTLGC01,1325215513073TUNE0,
1900,C15565R13NEOTLGC02,1325215513073TUNE0,
1900,C15565R13NEOTLHM01,1325215513073TUNE0,
1900,C15565R13NEOTLHM02,1325215513073TUNE0,
1900,C15565R13NEOTLHM03,1325215513073TUNE0,
1900,C15565R13NEOTLHM04,1325215513073TUNE0,
1900,C15565R14NEOTLGC01,1325215514075TUNE0,
1900,C15565R14NEOTLGC02,1325215514075TUNE0,
1900,C15565R14NEOTLHM01,1325215514075TUNE0,
1900,C15565R14NEOTLHM02,1325215514075TUNE0,
1900,C15565R14UNEO74T01,1325215514075TUNE0,
1900,C15570R13ULTHIGC01,1325215613075TUHL0,
1900,C15570R13ULTHIGC02,1325215613075TUHL0,
1900,C15570R13ULTHIHM01,1325215613075TUHL0,
1900,C15570R13ULTHIHM02,1325215613075TUHL0,
1900,C15570R13NEOTLGC01,1325215613075TUNE1,
1900,C15570R13NEOTLGC02,1325215613075TUNE1,
1900,B155-70R13-NXTGR05,1325215613075TUNX0,
1900,B155-70R13-NXTGR06,1325215613075TUNX0,
1900,C15570R13NXTTLGR03,1325215613075TUNX0,
1900,C15570R13NXTTLGR04,1325215613075TUNX0,
1900,C15580R13VECTLGR02,1325215813079SVECO,
1900,C15580R13VECTLGR03,1325215813079SVECO,
1900,C15580R13VECTLGR05,1325215813079SVECO,
1900,C15580R13VECTLGR11,1325215813079SVECO,
1900,C15580R13VECTLMK01,1325215813079SVECO,
1900,C15580R13VECTLMK04,1325215813079SVECO,
1900,C15580R13VECTLMK05,1325215813079SVECO,
1900,C15580R13TAXIMGC01,1325215813079TTMX0,
1900,C15580R13TAXIMGC02,1325215813079TTMX0,
1900,C15580R13TAXIMHM01,1325215813079TTMX0,
1900,C15580R13TAXIMHM02,1325215813079TTMX0,
1900,C15580R13TAXIMHM03,1325215813079TTMX0,
1900,C15580R13TAXIMHM04,1325215813079TTMX0,
1900,C15580R13TAXIMHM05,1325215813079TTMX0,
1900,C15580R13TAXIMHM06,1325215813079TTMX0,
1900,C15580R13ULNTLHM02,1325215813079TUNE0,
1900,C15580R13ULNTLHM05,1325215813079TUNE0,
1900,C15580R13ULTNEOHM3,1325215813079TUNE0,
1900,C15580R13NEO000013,1325215813079TUNE2,
1900,C15580R13NEO000001,1325215813079TUNE3,
1900,C15580R13NEO000002,1325215813079TUNE3,
1900,C15580R13NEO000003,1325215813079TUNE3,
1900,C15580R13NEO000004,1325215813079TUNE3,
1900,C15580R13NEO000005,1325215813079TUNE3,
1900,C15580R13NEO000006,1325215813079TUNE3,
1900,C15580R13NEO000007,1325215813079TUNE3,
1900,C15580R13NEO000008,1325215813079TUNE3,
1900,C15580R13NEO000009,1325215813079TUNE3,
1900,C15580R13NEO000010,1325215813079TUNE3,
1900,C15580R13NEO000011,1325215813079TUNE3,
1900,C15580R13NEO000012,1325215813079TUNE3,
1900,C15580R13NEO000014,1325215813079TUNE3,
1900,C15580R13NEO000015,1325215813079TUNE3,
1900,C15580R13NEO000016,1325215813079TUNE3,
1900,C15580R13NEO000017,1325215813079TUNE3,
1900,C15580R13NEO000018,1325215813079TUNE3,
1900,C15580R13NEO000019,1325215813079TUNE3,
1900,C15580R13NEO000020,1325215813079TUNE3,
1900,C15580R13NEO000021,1325215813079TUNE3,
1900,C15580R13NEO000022,1325215813079TUNE3,
1900,C15580R13NEO000023,1325215813079TUNE3,
1900,C15580R13NEO000024,1325215813079TUNE3,
1900,C15580R13NEO000025,1325215813079TUNE3,
1900,C15580R13NEO000026,1325215813079TUNE3,
1900,C15580R13ULTLCHM01,1325215813079TUNE4,
1900,C15580R13TLGC01,1325215813079TUNE5,
1900,C15580R13TLGC02,1325215813079TUNE5,
1900,C15580R13TLGC03,1325215813079TUNE5,
1900,C15580R13TLGC04,1325215813079TUNE5,
1900,C15580R13TLGC05,1325215813079TUNE5,
1900,C15580R13TLGC06,1325215813079TUNE5,
1900,C15580R13TLGC07,1325215813079TUNE5,
1900,C15580R13TLGC08,1325215813079TUNE5,
1900,C15580R13TLGC09,1325215813079TUNE5,
1900,C15580R13TLGC10,1325215813079TUNE5,
1900,C15580R13ULNTLGC01,1325215813079TUNE5,
1900,C15580R13ULNTLGC02,1325215813079TUNE5,
1900,C15580R13ULNTLGC03,1325215813079TUNE5,
1900,C15580R13ULNTLGC04,1325215813079TUNE5,
1900,C15580R13ULNTLGC05,1325215813079TUNE5,
1900,C15580R13ULNTLGC06,1325215813079TUNE5,
1900,C15580R13ULNTLHM01,1325215813079TUNE5,
1900,C15580R13ULNTLHM03,1325215813079TUNE5,
1900,C15580R13ULNTLHM04,1325215813079TUNE5,
1900,C15580R13ULNTLHM06,1325215813079TUNE5,
1900,C15580R13ULNTLHM07,1325215813079TUNE5,
1900,C15580R13ULNTLHM08,1325215813079TUNE5,
1900,C15580R13ULNTLHM09,1325215813079TUNE5,
1900,C15580R13ULNTLHM10,1325215813079TUNE5,
1900,C15580R13ULNTLHM11,1325215813079TUNE5,
1900,C15580R13ULNTLHM12,1325215813079TUNE5,
1900,C15580R13ULNTLHM13,1325215813079TUNE5,
1900,C15580R13ULNTLHM14,1325215813079TUNE5,
1900,C15580R13ULNTLHM15,1325215813079TUNE5,
1900,C16565R13TORTLDC09,1325216513077TTOR0,
1900,C16565R13TORTLGR05,1325216513077TTOR0,
1900,C16565R13TORTLGR06,1325216513077TTOR0,
1900,C16565R13ULFTLHM01,1325216513077TUHL0,
1900,C16565R13ULFTLHM02,1325216513077TUHL0,
1900,C16565R13ULFTLHM03,1325216513077TUHL0,
1900,C16565R13ULFTLHM04,1325216513077TUHL0,
1900,B1656514ULSPRTSY01,1325216514079SUSP0,
1900,B1656514ULSPRTSY02,1325216514079SUSP0,
1900,C16565R14SPTTLMK01,1325216514079SUSP0,
1900,C16565R14SPTTLMK02,1325216514079SUSP0,
1900,C16565R14TAXIMHM01,1325216514079TTMX0,
1900,C16565R14TAXIMHM02,1325216514079TTMX0,
1900,C16565R14TAXIMHM03,1325216514079TTMX0,
1900,C16565R14TAXIMHM04,1325216514079TTMX0,
1900,C16565R14TAXIMHM05,1325216514079TTMX0,
1900,C16565R14TAXIMHM06,1325216514079TTMX0,
1900,C16565R14TAXIMHM07,1325216514079TTMX0,
1900,C16565R14TAXIMHM08,1325216514079TTMX0,
1900,C16565R14ELZTOHM01,1325216514079TUTR0,
1900,C16565R14ELZTOHM02,1325216514079TUTR0,
1900,C16570R12UTSTLNS01,1325216612077HUSP0,
1900,C16570R12UTSTLNS02,1325216612077HUSP0,
1900,C16570R12UTSTLMK01,1325216612077TUSP0,
1900,C16570R12UTSTLMK02,1325216612077TUSP0,
1900,C16570R12UTSTLNS01,1325216612077TUSP0,
1900,C16570R12UTSTLNS02,1325216612077TUSP0,
1900,C16570R13NEOHM01,1325216613079HUNE0,
1900,C16570R13NEOHM02,1325216613079HUNE0,
1900,C16570R14TAXTLGC01,1325216614081STMX0,
1900,C16570R14TAXTLGC02,1325216614081STMX0,
1900,C16570R14TAXTLHM01,1325216614081STMX0,
1900,C16570R14TAXTLHM02,1325216614081STMX0,
1900,C16570R14UXTTLHM01,1325216614081SUTR0,
1900,C16570R14UXTTLHM02,1325216614081SUTR0,
1900,C16570R14UXTTLHM03,1325216614081SUTR0,
1900,C16570R14UXTTLHM04,1325216614081SUTR0,
1900,C16570R14VEC01,1325216614081SVEC0,
1900,C165R14ULXPCTLGR03,1325216814008QXPC0,
1900,C165R14ULXPCTLGR04,1325216814008QXPC0,
1900,C165R14ULXPCTLGR05,1325216814008QXPC0,
1900,C165R14ULXPCTLGR06,1325216814008QXPC0,
1900,C165R14ULXPCTLGR07,1325216814008QXPC0,
1900,C165R14ULXPCTLGR08,1325216814008QXPC0,
1900,C165R14ULXPCTLMK01,1325216814008QXPC0,
1900,C165R14ULXPCTLMK02,1325216814008QXPC0,
1900,C14580R12XPTLDC12,1325216814085STOR0,
1900,C14580R12XPTLDC13,1325216814085STOR0,
1900,C16580R14TORTLGR01,1325216814085STOR0,
1900,C16580R14TORTLGR03,1325216814085STOR0,
1900,C16580R14TORTLGR04,1325216814085STOR0,
1900,C16580R14TORTLGR05,1325216814085STOR0,
1900,C16580R14TORTLGR07,1325216814085STOR0,
1900,C16580R14TORTLGR10,1325216814085STOR0,
1900,C16580R14TORTLGR11,1325216814085STOR0,
1900,C16580R14TORTLGR12,1325216814085STOR0,
1900,C16580R14TORTLGR13,1325216814085STOR0,
1900,C16580R14TORTLGR16,1325216814085STOR0,
1900,C16580R14TORTLGR18,1325216814085STOR0,
1900,C16580R14TORTLGR19,1325216814085STOR0,
1900,C16580R14TORTLGR20,1325216814085STOR0,
1900,C16580R14TORTLGR22,1325216814085STOR0,
1900,C16580R14TORTLGR23,1325216814085STOR0,
1900,C16580R14TORTLGR24,1325216814085STOR0,
1900,C16580R14TORTLGR25,1325216814085STOR0,
1900,C16580R14TORTLGR26,1325216814085STOR0,
1900,C16580R14TORTLGR27,1325216814085STOR0,
1900,C16580R14TORTLGR28,1325216814085STOR0,
1900,C16580R14TORTLGR29,1325216814085STOR0,
1900,C16580R14TORTLGR30,1325216814085STOR0,
1900,C16580R14TORTLMK04,1325216814085STOR0,
1900,C16580R14TORTLMK09,1325216814085STOR0,
1900,C16580R14TORTLMK11,1325216814085STOR0,
1900,C16580R14TORTLMK15,1325216814085STOR0,
1900,C16580R14TORTLMK23,1325216814085STOR0,
1900,C16580R14TORTLMK25,1325216814085STOR0,
1900,C16580R14TORTLMK26,1325216814085STOR0,
1900,C16580R14TORTLNS02,1325216814085STOR0,
1900,C16580R14TORTLNS03,1325216814085STOR0,
1900,C16580R14TORTLNS04,1325216814085STOR0,
1900,C16580R14TORTLNS06,1325216814085STOR0,
1900,CT13570R15STARHM03,1325216814085STOR0,
1900,CT13570R15STARHM04,1325216814085STOR0,
1900,C016580R14ELZTGC05,1325216814085SUTR0,
1900,C16580R14ELZTGC01,1325216814085SUTR0,
1900,C16580R14ELZTGC02,1325216814085SUTR0,
1900,C16580R14ELZTGC03,1325216814085SUTR0,
1900,C16580R14ELZTGC04,1325216814085SUTR0,
1900,C16580R14ELZTGC05,1325216814085SUTR0,
1900,C16580R14ELZTGC06,1325216814085SUTR0,
1900,C16580R14ELZTHM01,1325216814085SUTR0,
1900,C16580R14ELZTHM02,1325216814085SUTR0,
1900,C16580R14ELZTHM03,1325216814085SUTR0,
1900,C16580R14ELZTHM04,1325216814085SUTR0,
1900,B1658014UXROYLHM15,1325216814085TURL2,
1900,B1658014UXROYLHM17,1325216814085TURL2,
1900,C1658014UXROLHMI01,1325216814085TURL2,
1900,C1658014UXROLHMI02,1325216814085TURL2,
1900,C16580R14SPTTLGC01,1325216814085TUSP0,
1900,C16580R14SPTTLGC02,1325216814085TUSP0,
1900,C16580R14SPTTLGC03,1325216814085TUSP0,
1900,C16580R14SPTTLGC04,1325216814085TUSP0,
1900,C16580R14SPTTLGC06,1325216814085TUSP0,
1900,C17565R14VECTLMK01,1325217514082HVEC0,
1900,C17565R14VECTLMK02,1325217514082HVEC0,
1900,C17565R14VECTLMK03,1325217514082HVEC0,
1900,C17565R14VECTLMK04,1325217514082HVEC0,
1900,C17565R14VECTLMK07,1325217514082HVEC0,
1900,C17565R14VECTLMK08,1325217514082HVEC0,
1900,C17565R14ELZTGC01,1325217514082TUTR0,
1900,C17565R14ELZTGC02,1325217514082TUTR0,
1900,C17565R14UXTTLHM01,1325217514082TUTR0,
1900,C17565R14UXTTLHM02,1325217514082TUTR0,
1900,C17565R15UXRTHMI01,1325217515084HURL2,
1900,C17565R15UXRTHMI02,1325217515084HURL2,
1900,C17565R15UXRTHMI03,1325217515084HURL2,
1900,C17565R15UXRTHMI04,1325217515084HURL2,
1900,C17565R15UXRTHMI05,1325217515084HURL2,
1900,C17565R15UXRTHMI06,1325217515084HURL2,
1900,C17565R15UXRTHMI07,1325217515084HURL2,
1900,C17565R15UXRTHMI08,1325217515084HURL2,
1900,C17565R15UXRTLHM03,1325217515084HURL2,
1900,C17565R15UXRTLHM04,1325217515084HURL2,
1900,C17570R12ULNTLHM01,1325217612080HUNE0,
1900,C17570R12ULNTLHM02,1325217612080HUNE0,
1900,C17570R13ULNTLGC01,1325217613082TUNE0,
1900,C17570R13ULNTLGC02,1325217613082TUNE0,
1900,C17570R13ULNTLGC03,1325217613082TUNE0,
1900,C17570R13ULNTLGC04,1325217613082TUNE0,
1900,C17570R13ULNTLGC05,1325217613082TUNE0,
1900,C17570R13ULNTLGC06,1325217613082TUNE0,
1900,C17570R13ULNTLHM01,1325217613082TUNE0,
1900,C17570R13ULNTLHM02,1325217613082TUNE0,
1900,C17570R13ULNTLHM01,1325217613082TUNEE,
1900,C17570R13ULNTLHM02,1325217613082TUNEE,
1900,B1757014VECTRAGR02,1325217614084TVECE,
1900,B1757014VECTRAMK01,1325217614084TVECE,
1900,B1757014VECTRANS04,1325217614084TVECE,
1900,B1757014VECTRANS06,1325217614084TVECE,
1900,C17570R14XPCMK2,1325217614095QXPC0,
1900,C17570R14XPCTLGC01,1325217614095QXPC0,
1900,C17570R14XPCTLGC02,1325217614095QXPC0,
1900,C17570R14XPCTLGC03,1325217614095QXPC0,
1900,C17570R14XPCTLGC04,1325217614095QXPC0,
1900,C17570R14XPCTLMK01,1325217614095QXPC0,
1900,C17570R14XPCTLMK02,1325217614095QXPC0,
1900,C17570R14XPCTLSH01,1325217614095QXPC0,
1900,C17570R14XPCTLSH02,1325217614095QXPC0,
1900,17575R16RANHPHMI01,1325217716093HRHE0,
1900,17575R16RANHPHMI02,1325217716093HRHE0,
1900,C18555R16UXRTLHM01,1325218316083HURL0,
1900,C18555R16UXRTLHM02,1325218316083HURL0,
1900,C18560R15TAXIMHM01,1325218415084TTMX0,
1900,C18560R15TAXIMHM02,1325218415084TTMX0,
1900,C18560R15TAXIMHM03,1325218415084TTMX0,
1900,C18560R15TAXIMHM04,1325218415084TTMX0,
1900,C18565R14UXROYHM01,1325218514086HURL0,
1900,C18565R14UXROYHM02,1325218514086HURL0,
1900,B1856514ULTSPRGC01,1325218514086HUSPE,
1900,B1856514ULTSPRGC02,1325218514086HUSPE,
1900,B1856514ULTSPRGC03,1325218514086HUSPE,
1900,B1856514ULTSPRGC04,1325218514086HUSPE,
1900,C18565R14UXTTLHM01,1325218514086HUTR0,
1900,C18565R14UXTTLHM02,1325218514086HUTR0,
1900,C18565R15TAXIMGC01,1325218515088HTMX0,
1900,C18565R15TAXIMGC02,1325218515088HTMX0,
1900,C18565R15TAXIMHM01,1325218515088HTMX0,
1900,C18565R15TAXIMHM02,1325218515088HTMX0,
1900,C18565R15TAXIMHM03,1325218515088HTMX0,
1900,C18565R15TAXIMHM04,1325218515088HTMX0,
1900,C18565R15TAXIMHM05,1325218515088HTMX0,
1900,C18565R15TAXIMHM06,1325218515088HTMX0,
1900,C18565R15TAXIMHM07,1325218515088HTMX0,
1900,C18565R15TAXIMHM08,1325218515088HTMX0,
1900,C018565R15UXRTGC01,1325218515088HURL2,
1900,C018565R15UXRTGC02,1325218515088HURL2,
1900,C18565R15UXTTLUZ01,1325218515088HUTR0,
1900,C18565R15UXTTLUZ02,1325218515088HUTR0,
1900,C18565R15VECYRA01,1325218515088HVEC0,
1900,C18565R15VECYRA01,1325218515088SURL0,
1900,C18565R15VECMK13,1325218515088SVEC0,
1900,C18565R15VECMK14,1325218515088SVEC0,
1900,C18565R15VECTLMK01,1325218515088SVEC0,
1900,C18565R15VECTLMK10,1325218515088SVEC0,
1900,C18565R15VECMK13,1325218515088SVEC1,
1900,C18565R15VECMK14,1325218515088SVEC1,
1900,C18565R15UXRTLHM01,1325218515088TURL1,
1900,C18565R15UXRTLHM02,1325218515088TURL1,
1900,C18565R15UXALPGC01,1325218515088TUXA0,
1900,C18565R15UXALPGC02,1325218515088TUXA0,
1900,C18565R15VECMK13,1325218515088TVEC0,
1900,C18565R15VECMK14,1325218515088TVEC0,
1900,C18565R15VECTLGR01,1325218515088TVEC0,
1900,C18565R15VECTLGR02,1325218515088TVEC0,
1900,C18565R15VECTLMK03,1325218515088TVEC0,
1900,C18565R15VECTLMK04,1325218515088TVEC0,
1900,C18565R15VECTLMK06,1325218515088TVEC0,
1900,C18565R15VECTLMK07,1325218515088TVEC0,
1900,C18565R15VECTLMK08,1325218515088TVEC0,
1900,C18565R15VECTLMK02,1325218515088TVEC1,
1900,C18565R15VETLBMK01,1325218515088TVEC1,
1900,C15570R13NEOTLGC03,1325218515088TVEUE,
1900,C15570R13NEOTLGC04,1325218515088TVEUE,
1900,C18565R15VECTLGC01,1325218515088TVEUE,
1900,C18565R15VECTLGC02,1325218515088TVEUE,
1900,C18565R15VECTLGC03,1325218515088TVEUE,
1900,C18565R15VECTLGC04,1325218515088TVEUE,
1900,C18565R15VECTLGC05,1325218515088TVEUE,
1900,C18565R15VECTLGC06,1325218515088TVEUE,
1900,C18565R15VECTLGC07,1325218515088TVEUE,
1900,C18565R15VECTLMK09,1325218515088TVEUE,
1900,C18565R15VECTLMK11,1325218515088TVEUE,
1900,C18565R15VECTLMK12,1325218515088TVEUE,
1900,C18565R15VECTLMK13,1325218515088TVEUE,
1900,C18565R15VECTLMK14,1325218515088TVEUE,
1900,C18565R15VECTLMK15,1325218515088TVEUE,
1900,C18565R15VECTLMK16,1325218515088TVEUE,
1900,C18565R15VECTLMK17,1325218515088TVEUE,
1900,C18565R15VECTLMK18,1325218515088TVEUE,
1900,C18570R13ULNTLHM01,1325218613086HUNE0,
1900,C18570R13ULNTLHM02,1325218613086HUNE0,
1900,B1857014UXROYLHB01,1325218614088HURL0,
1900,B1857014UXROYLHB02,1325218614088HURL0,
1900,B1857014UXROYLMK01,1325218614088HURL0,
1900,B1857014UXROYLMK02,1325218614088HURL0,
1900,C18570R14VECTLSY06,1325218614088SVEC0,
1900,C18570R14VECTLSY17,1325218614088SVEC0,
1900,C18570R14VECTLSY20,1325218614088SVEC0,
1900,C18570R14TAXIMHM01,1325218614088TTMX0,
1900,C18570R14TAXIMHM02,1325218614088TTMX0,
1900,C18570R14TAXIMHM03,1325218614088TTMX0,
1900,C18570R14TAXIMHM04,1325218614088TTMX0,
1900,C18570R14VECTLMK01,1325218614088TVECE,
1900,C18570R14VECTLMK02,1325218614088TVECE,
1900,C18570R14VECTLMK03,1325218614088TVECE,
1900,C18570R14VECTLMK04,1325218614088TVECE,
1900,C18570R14VECTLMK05,1325218614088TVECE,
1900,C18570R14VECTLMK06,1325218614088TVECE,
1900,C18570R14VECTLMK07,1325218614088TVECE,
1900,C18570R14VECTLMK08,1325218614088TVECE,
1900,C19555R15UX1TLGC01,1325219315089VUX10,
1900,C19555R15UX1TLGC02,1325219315089VUX10,
1900,C19555R15UX1TLGC01,1325219315089VUX1E,
1900,C19555R15UX1TLGC02,1325219315089VUX1E,
1900,C1955R16UXRTLHM01,1325219316087HURL0,
1900,C19555R16UXTTLHM01,1325219316087HUTR0,
1900,C19555R16UXTTLHM02,1325219316087HUTR0,
1900,C19555R16VECTLGC01,1325219316087HVEC1,
1900,C19555R16VECTLMK01,1325219316087HVEC1,
1900,C19555R16UXRHYHM03,1325219316087VURL0,
1900,C19555R16UXRHYHM04,1325219316087VURL0,
1900,C19555R16UXROYH01,1325219316087VURL0,
1900,C1955R16UXRHYCHM01,1325219316087VURL0,
1900,C1955R16UXRHYCHM02,1325219316087VURL0,
1900,C1955R16UXRTLHM01,1325219316087VURL0,
1900,C1955R16UXRTLHM02,1325219316087VURL0,
1900,C19560R14SPTTLGC01,1325219414086HUSP0,
1900,C19560R14SPTTLMK01,1325219414086HUSP0,
1900,C19560R15UX1TLGC01,1325219415088VUX10,
1900,C19560R15UX1TLGC03,1325219415088VUX10,
1900,C19560R15UX1TLGC01,1325219415092VUX10,
1900,C19560R15UX1TLGC03,1325219415092VUX10,
1900,C19560R16UXRTHMI01,1325219416089HURL1,
1900,C19560R16RHPEHMI01,1325219416089VRHE0,
1900,C19560R16RHPEHMI02,1325219416089VRHE0,
1900,C19560R16RHPEHMI03,1325219416089VRHE0,
1900,C19560R16RHPEHMI04,1325219416089VRHE0,
1900,C19560R16RHPEHMI05,1325219416089VRHE0,
1900,C19560R16RHPEHMI06,1325219416089VRHE0,
1900,C19560R16RHPEHMI07,1325219416089VRHE0,
1900,C19560R16RHPEHMI08,1325219416089VRHE0,
1900,C19560R16RHPEHMI09,1325219416089VRHE0,
1900,C19560R16RHPEHMI10,1325219416089VRHE0,
1900,C19560R16UXRTHMI01,1325219416089VURL1,
1900,C19560R16UXRTHMI02,1325219416089VURL1,
1900,C0019565R15UXRGC01,1325219515091HURL2,
1900,C0019565R15UXRGC02,1325219515091HURL2,
1900,C0019565R15UXRGC05,1325219515091HURL2,
1900,C0019565R15UXRGC06,1325219515091HURL2,
1900,C0019565R15UXRGC07,1325219515091HURL2,
1900,C0019565R15UXRGC10,1325219515091HURL2,
1900,C0019565R15UXRHM01,1325219515091HURL2,
1900,C0019565R15UXRHM02,1325219515091HURL2,
1900,C0019565R15UXRHM03,1325219515091HURL2,
1900,C0019565R15UXRHM04,1325219515091HURL2,
1900,C019565R15UXRHMI05,1325219515091HURL2,
1900,C019565R15UXRHMI06,1325219515091HURL2,
1900,C019565R15UXRHMI07,1325219515091HURL2,
1900,C019565R15UXRHMI08,1325219515091HURL2,
1900,C0019565R15UXRGC03,1325219515091HURL3,
1900,C0019565R15UXRGC04,1325219515091HURL3,
1900,C0019565R15UXRGC05,1325219515091HURL3,
1900,C0019565R15UXRGC06,1325219515091HURL3,
1900,C0019565R15UXRGC07,1325219515091HURL3,
1900,C0019565R15UXRGC08,1325219515091HURL3,
1900,C0019565R15UXRGC09,1325219515091HURL3,
1900,C0019565R15UXRGC10,1325219515091HURL3,
1900,C019565R15UXRHMI07,1325219515091HURL3,
1900,C019565R15UXRHMI08,1325219515091HURL3,
1900,B1956515UXROYLGC01,1325219515091VURL0,
1900,B1956515UXROYLGC02,1325219515091VURL0,
1900,B1956515UXROYLHB01,1325219515091VURL0,
1900,B1956515UXROYLHB02,1325219515091VURL0,
1900,C20555R16UXROYMK01,1325220316091VURL0,
1900,C20555R16UXROYMK02,1325220316091VURL0,
1900,C20555R16UXRTLHM01,1325220316091VURL0,
1900,C20555R16UXRTLHM02,1325220316091VURL0,
1900,C20555R16UXRTLHM03,1325220316091VURL0,
1900,C20555R16UXRTLHM04,1325220316091VURL0,
1900,C20560R16UXROYL02,1325220316091VURL0,
1900,C20555R16VECTUXMK1,1325220316091VUX10,
1900,C20555R16VECTUXMK2,1325220316091VUX10,
1900,C20555R16VECTUXMK1,1325220316091VVU10,
1900,C20555R16UX1TLGC01,1325220316094VUX10,
1900,C20555R16UX1TLGC02,1325220316094VUX10,
1900,C20560R15UX1TLGC01,1325220415095VUX10,
1900,C20560R15UX1TLGC02,1325220415095VUX10,
1900,C20560R16VECTRMK05,1325220415095VUX10,
1900,C20560R16VECTRMK06,1325220415095VUX10,
1900,C20560R16BLZHT01,1325220416092HBHT0,
1900,C20560R16ELZTLGC01,1325220416092HENX0,
1900,C20560R16ELZTLGC02,1325220416092HENX0,
1900,C20560R16ELZTLGC03,1325220416092HENX0,
1900,C20560R16ELZTLGC04,1325220416092HENX0,
1900,C20560R16ELZTLGC05,1325220416092HENX0,
1900,C20560R16ELZTLGC06,1325220416092HENX0,
1900,C20560R16ELZTLGC07,1325220416092HENX0,
1900,C20560R16ELZTLGC08,1325220416092HENX0,
1900,C20560R16ELZTLHM01,1325220416092HENX0,
1900,C20560R16ELZTLHM02,1325220416092HENX0,
1900,C20560R16ELZTLHM03,1325220416092HENX0,
1900,C20560R16ELZTLHM04,1325220416092HENX0,
1900,C20560R16ELZTLHM05,1325220416092HENX0,
1900,C20560R16ELZTLHM06,1325220416092HENX0,
1900,C20560R16ELZTLMK01,1325220416092HENX0,
1900,C20560R16ELZTLMK02,1325220416092HENX0,
1900,C20560R16RANHT01,1325220416092HRHT0,
1900,C20560R16RHTHM01,1325220416092HRHT0,
1900,C20560R16RHTHM02,1325220416092HRHT0,
1900,C20560R16RHTTLHM03,1325220416092HRHT0,
1900,C20560R16RHTTLHM04,1325220416092HRHT0,
1900,C20560R16UXRMSGC01,1325220416092HURL0,
1900,B20560R16UXRYLGC01,1325220416092VURL0,
1900,B20560R16UXRYLGC02,1325220416092VURL0,
1900,C20560R16UXROYL01,1325220416092VURL0,
1900,C20560R16UXROYL02,1325220416092VURL0,
1900,C20560R16UXRYLHM01,1325220416092VURL0,
1900,C20560R16UXRYLHM02,1325220416092VURL0,
1900,C20555R16VECTUXMK1,1325220416092VWIN0,
1900,C20560R16WIN,1325220416092VWIN0,
1900,B2056515TORINGGC01,1325220515094VETR0,
1900,B2056515TORINGGC02,1325220515094VETR0,
1900,B2056515TORINGHB01,1325220515094VETR0,
1900,B2056515TORINGHB02,1325220515094VETR0,
1900,B2056515TORINGHM01,1325220515094VETR0,
1900,B2056515TORINGHM02,1325220515094VETR0,
1900,C2056515TORINGHM03,1325220515094VUTP0,
1900,C2056515TORINGHM04,1325220515094VUTP0,
1900,C20565R16TAXTLGC01,1325220516095HTMX0,
1900,C20565R16TAXTLGC02,1325220516095HTMX0,
1900,C20565R16TAXTLHM03,1325220516095HTMX0,
1900,C20565R16TAXTLHM04,1325220516095HTMX0,
1900,C20565R16UXRTLHM01,1325220516095HURL1,
1900,C20565R16UXRTLHM02,1325220516095HURL1,
1900,C20565R16UXRTY01,1325220516095HURL1,
1900,C20565R16UXRTY02,1325220516095HURL1,
1900,C20565R16UXRTLHM03,1325220516095HURL2,
1900,C20565R16UXRTLHM04,1325220516095HURL2,
1900,C20565R16UXRHMI01,1325220516095HURL4,
1900,C20565R16UXRHMI02,1325220516095HURL4,
1900,C20565R16UXRTLHM03,1325220516095HURP0,
1900,C20565R16UXRTLHM04,1325220516095HURP0,
1900,C20565R16ELZTOHM01,1325220516095HUTR0,
1900,C20565R16ELZTOHM02,1325220516095HUTR0,
1900,C20570R15RATTLHM01,1325220615106SRAT0,
1900,C20570R15RATTLHM02,1325220615106SRAT0,
1900,C21550R17UX1HM01,1325221217095VUX10,
1900,C21550R17UX1HM02,1325221217095VUX10,
1900,C21555R17RHPETHM01,1325221317094VRHE0,
1900,C21555R17RHPETHM02,1325221317094VRHE0,
1900,C21555R17RHPEHMI01,1325221317094VRHE1,
1900,C21555R17RHPEHMI01,1325221317094VRHE3,
1900,C21555R17RHPETHM02,1325221317094VRHE3,
1900,C21555R17UXRTLGC01,1325221317094VURL0,
1900,C21555R17UXRTLGC02,1325221317094VURL0,
1900,C21555R17UXRTLGC03,1325221317094VURL0,
1900,C21555R17UXRTLGC04,1325221317094VURL0,
1900,C21555R17UXRTLGC05,1325221317094VURL0,
1900,C21555R17UXRTLGC06,1325221317094VURL0,
1900,C21555R17UXRTLHM01,1325221317094VURL0,
1900,C21555R17UXRTLHM02,1325221317094VURL0,
1900,C21555R17UXRTLGC01,1325221317094VURL1,
1900,C21555R17UXRTLGC02,1325221317094VURL1,
1900,C21555R17TLHM01,1325221317098VUX10,
1900,C21555R17TLHM02,1325221317098VUX10,
1900,C21555R17TLTY01,1325221317098VUX10,
1900,C21555R17TLTY02,1325221317098VUX10,
1900,C21555R17TLTY03,1325221317098VUX10,
1900,C21555R17TLTY04,1325221317098VUX10,
1900,C21555R18UXR0GC01,1325221318095HURL0,
1900,C21555R18UXR0GC02,1325221318095HURL0,
1900,C21555R18UXR0HM01,1325221318095HURL0,
1900,C21555R18UXR0HM02,1325221318095HURL0,
1900,C21555R18UXR0HMI01,1325221318095HURL0,
1900,C21555R18UXR0HMI02,1325221318095HURL0,
1900,C21555R18UXR0HMI03,1325221318095HURL0,
1900,C21555R18UXR0HMI04,1325221318095HURL0,
1900,C21555R18UXR0HMI05,1325221318095HURL0,
1900,C21555R18UXR0HMI06,1325221318095HURL0,
1900,C21555R18UXR0HMI07,1325221318095HURL0,
1900,C21555R18UXR0HMI08,1325221318095HURL0,
1900,C21555R18UXR0HMI09,1325221318095HURL0,
1900,C21555R18UXR0HMI10,1325221318095HURL0,
1900,C21555R18UXR0HMI19,1325221318095HURL0,
1900,C21555R18UXR0HMI20,1325221318095HURL0,
1900,C21555R18UXRTHMI11,1325221318095HURL0,
1900,C21555R18UXRTHMI12,1325221318095HURL0,
1900,C21555R18UXRTHMI13,1325221318095HURL0,
1900,C21555R18UXRTHMI14,1325221318095HURL0,
1900,C21555R18UXRTHMI15,1325221318095HURL0,
1900,C21555R18UXRTHMI16,1325221318095HURL0,
1900,C21555R18UXRTHMI17,1325221318095HURL0,
1900,C21555R18UXRTHMI18,1325221318095HURL0,
1900,C21560R16UXR0HM01,1325221416095HURL2,
1900,C21560R16UXR0HM02,1325221416095HURL2,
1900,C21560R16UXR00HM03,1325221416095HURL3,
1900,C21560R16UXR00HM04,1325221416095HURL3,
1900,C21560R16RHPEHMI03,1325221416095VRHE1,
1900,C21560R16RHPEHMI04,1325221416095VRHE1,
1900,C20560R16UXROYL01,1325221416095VURL0,
1900,C21560R16UXR00HM03,1325221416095VURL0,
1900,C21560R16UXR00HM04,1325221416095VURL0,
1900,C21560R16UXR00HM01,1325221416095VURP0,
1900,C21560R16UXR00HM02,1325221416095VURP0,
1900,C21560R17RAHPEHM01,1325221417096HRHE0,
1900,C21560R17RAHPEHM02,1325221417096HRHE0,
1900,C21560R17RANHHMI01,1325221417096HRHE1,
1900,C21560R17RANHHMI02,1325221417096HRHE1,
1900,C21560R17RHTTLGC01,1325221417096HRHT0,
1900,C21560R17RHTTLGC02,1325221417096HRHT0,
1900,C21560R17UXRTHMI01,1325221417096HURL0,
1900,C21560R17UXRTHMI02,1325221417096HURL0,
1900,C21560R17UXRTLGC03,1325221417096HURL0,
1900,C21560R17UXRTLGC04,1325221417096HURL0,
1900,C21560R17UXRTLGC05,1325221417096HURL0,
1900,C21560R17UXRTLGC06,1325221417096HURL0,
1900,C21560R17UXRTLHM01,1325221417096HURL0,
1900,C21560R17UXRTLHM02,1325221417096HURL0,
1900,C21560R17UXRTLHM05,1325221417096HURL0,
1900,C21560R17UXRTLHM06,1325221417096HURL0,
1900,C21560R17UXRTLHM07,1325221417096HURL0,
1900,C21560R17UXRTLHM08,1325221417096HURL0,
1900,C21560R17UXRTLHM09,1325221417096HURL0,
1900,C21560R17UXRTLHM10,1325221417096HURL0,
1900,C21560R17UXRTLHM11,1325221417096HURL0,
1900,C21560R17UXRTLHM12,1325221417096HURL0,
1900,C21560R17UXRTLHM13,1325221417096HURL0,
1900,C21560R17UXRTLHM14,1325221417096HURL0,
1900,C21560R17UXRTLHM15,1325221417096HURL0,
1900,C21560R17UXRTLHM16,1325221417096HURL0,
1900,C21560R17UXRTLHM17,1325221417096HURL0,
1900,C21560R17UXRTLHM18,1325221417096HURL0,
1900,C21560R17UXRTLHM19,1325221417096HURL0,
1900,C21560R17UXRTLHM20,1325221417096HURL0,
1900,C21560R17UXRTLHM21,1325221417096HURL0,
1900,C21560R17UXRTLHM22,1325221417096HURL0,
1900,C21560R17UXRTLHM23,1325221417096HURL0,
1900,C21560R17UXRTLHM24,1325221417096HURL0,
1900,C21560R17UXRTLHM25,1325221417096HURL0,
1900,C21560R17UXRTLHM26,1325221417096HURL0,
1900,C21560R17UXRTLHM27,1325221417096HURL0,
1900,C21560R17UXRTLHM28,1325221417096HURL0,
1900,C21560R17UXRTLHM29,1325221417096HURL0,
1900,C21560R17UXRTLHM30,1325221417096HURL0,
1900,C21560R17UXRTLHM31,1325221417096HURL0,
1900,C21560R17UXRTLHM32,1325221417096HURL0,
1900,C21560R17UXRTLHM33,1325221417096HURL0,
1900,C21560R17UXRTLHM34,1325221417096HURL0,
1900,C21560R17UXRTLHM35,1325221417096HURL0,
1900,C21560R17UXRTLHM36,1325221417096HURL0,
1900,C21560R17UXRTLGC01,1325221417096HURP0,
1900,C21560R17UXRTLGC02,1325221417096HURP0,
1900,C21565R16BLZHT01,1325221516098HBHT0,
1900,C21565R16ELZTLGC01,1325221516098HENX0,
1900,C21565R16RANHTTL01,1325221516098HRHT0,
1900,C21565R16RANHTTL03,1325221516098HRHT0,
1900,C21565R16RHTTLGC01,1325221516098HRHT0,
1900,C21565R16RHTTLGC02,1325221516098HRHT0,
1900,C21565R16RHTTLGC03,1325221516098HRHT0,
1900,C21565R16RHTTLGC04,1325221516098HRHT0,
1900,C21565R16RANHTTL02,1325221516098HRHT1,
1900,C21565R16UXR00HM01,1325221516098HURL0,
1900,C21565R16UXR00HM02,1325221516098HURL0,
1900,21570R15RANGERAT01,1325221615109SRAT0,
1900,C21570R15RANAT01,1325221615109SRAT0,
1900,C21570R15RANAT02,1325221615109SRAT0,
1900,C21570R15RANAT03,1325221615109SRAT0,
1900,C21570R15RATTLGC01,1325221615109SRAT0,
1900,C21570R15RATTLGC02,1325221615109SRAT0,
1900,C21575R15BLZHT01,1325221715100SBHT0,
1900,C21575R15RANAT03,1325221715100SRAT0,
1900,C21575R15RANGERAT,1325221715100SRAT0,
1900,C21575R15RANHT03,1325221715100SRAT0,
1900,C21575R15RANHT04,1325221715100SRAT0,
1900,C21575R15RATTLGC01,1325221715100SRAT0,
1900,C21575R15RATTLGC02,1325221715100SRAT0,
1900,C21575R15RATTLGC03,1325221715100SRAT0,
1900,C21575R15RATTLGC04,1325221715100SRAT0,
1900,C21575R15RATTLGC03,1325221715100SRAT1,
1900,C21575R15RATTLGC04,1325221715100SRAT1,
1900,C21575R15RATTLHM01,1325221715100SRAT1,
1900,C21575R15RATTLHM02,1325221715100SRAT1,
1900,21575R15RANGERHT01,1325221715100SRHT0,
1900,C21575R15RANHT01,1325221715100SRHT0,
1900,C21575R15RANHT02,1325221715100SRHT0,
1900,C21575R15RANHT03,1325221715100SRHT0,
1900,C21575R15RANHT04,1325221715100SRHT0,
1900,C21575R15RHTTLHM01,1325221715100SRHT0,
1900,C21575R15RHTTLHM02,1325221715100SRHT0,
1900,C21575R15RHTTLHM03,1325221715100SRHT0,
1900,C21575R15RHTTLHM04,1325221715100SRHT0,
1900,C21575R15RHTTLHM05,1325221715100SRHT0,
1900,C21575R15RHTTLHM08,1325221715100SRHT0,
1900,C21575R15RHTTLHM09,1325221715100SRHT0,
1900,C21575R15RHTTLHM10,1325221715100SRHT0,
1900,C21575R15RHTTLHM11,1325221715100SRHT0,
1900,C21575R15RHTTGC01,1325221715100SRHT1,
1900,C21575R15RHTTGC02,1325221715100SRHT1,
1900,C21575R15RHTTLHM06,1325221715100SRPG0,
1900,C21575R15RHTTLHM07,1325221715100SRPG0,
1900,21575R16RANGERHT01,1325221716101TRHT0,
1900,C21575R16RHTTLHM01,1325221716101TRHT0,
1900,C21575R16RHTTLHM02,1325221716101TRHT0,
1900,C215R15RANATTLGC01,1325221Z15113RRAT0,
1900,C215R15RANATTLGC02,1325221Z15113RRAT0,
1900,C22545R17UHPTLHM01,1325222117094YLEV0,
1900,C22545R17UHPTLHM02,1325222117094YLEV0,
1900,C22545R17UHPTLGC02,1325222117094YUXL0,
1900,C22545R17UHPTLGC03,1325222117094YUXL0,
1900,CP22550R17UX1THM01,1325222217098VUX10,
1900,CP22550R17UX1THM02,1325222217098VUX10,
1900,CP22550R17UX1TMK01,1325222217098VUX10,
1900,CP22550R17UX1TMK02,1325222217098VUX10,
1900,C22550R17LEVTLHB01,1325222217098YLEVY,
1900,C22550R17LEVTLHB02,1325222217098YLEVY,
1900,C22555R16LEVTLHM01,1325222316099YLEVY,
1900,C22555R16LEVTLHM02,1325222316099YLEVY,
1900,C22555R7UX1TLHM01,1325222317101VUX10,
1900,C22555R7UX1TLHM02,1325222317101VUX10,
1900,C22555R7UX1TLTY01,1325222317101VUX10,
1900,C22555R7UX1TLTY02,1325222317101VUX10,
1900,C22555R17LEVTLHM01,1325222317101YLEVY,
1900,C22555R17LEVTLHM02,1325222317101YLEVY,
1900,C22555R18RHPEHMI01,1325222318098HRHE0,
1900,C22555R18RHPEHMI02,1325222318098HRHE0,
1900,C22555R18RHPEHMI07,1325222318098HRHE0,
1900,C22555R18RHPEHMI10,1325222318098HRHE0,
1900,C22560R15ELATLMK01,1325222415096VENX0,
1900,C22560R15ELZTLGC01,1325222415096VENX0,
1900,C22560R16RHTTLTY01,1325222416098HRHP0,
1900,C22560R16UXR00HB01,1325222416098VURL0,
1900,C22560R16UXR00HB02,1325222416098VURL0,
1900,C22560R16UXR0HMI01,1325222416098VURL0,
1900,C22560R16UXR0HMI02,1325222416098VURL0,
1900,C22560R17UXRHB01,1325222417099HURL0,
1900,C22560R17UXRHB02,1325222417099HURL0,
1900,C22560R18RAHPEGC01,1325222418100HRHE0,
1900,C22560R18RAHPEGC02,1325222418100HRHE0,
1900,C22560R18UX1HMI01,1325222418104HUX10,
1900,C22560R18UX1HMI02,1325222418104HUX10,
1900,C22565R17BLZHT01,1325222517102HBHT0,
1900,C22565R17BLZHT02,1325222517102HBHT0,
1900,C22565R17RHTTLHM05,1325222517102HBHT0,
1900,C22565R17RHTTLHM06,1325222517102HBHT0,
1900,C21565R16RANHTTL01,1325222517102HRHT0,
1900,C22565R17RANGERHT1,1325222517102HRHT0,
1900,C22565R17RANHTTL01,1325222517102HRHT0,
1900,C22565R17RANHTTL02,1325222517102HRHT0,
1900,C22565R17RANHTTL03,1325222517102HRHT0,
1900,C22565R17RANHTTL04,1325222517102HRHT0,
1900,C22565R17RHTTLHM01,1325222517102HRHT0,
1900,C22565R17RHTTLHM02,1325222517102HRHT0,
1900,C22565R17RHTTLHM03,1325222517102HRHT0,
1900,C22565R17RHTTLHM04,1325222517102HRHT0,
1900,C23545R18UX1TLHM01,1325223118098VUX10,
1900,C23545R18UX1TLHM02,1325223118098VUX10,
1900,C23545R18UX1TLTY01,1325223118098VUX10,
1900,C23545R18UX1TLTY02,1325223118098VUX10,
1900,CP23555R17UX1TMK01,1325223317103VUX10,
1900,CP23555R17UX1TMK02,1325223317103VUX10,
1900,C23555R17LEVTHMI01,1325223317103YLEV0,
1900,C23555R17LEVTHMI02,1325223317103YLEV0,
1900,C23555R17LEVTLHM01,1325223317103YLEV0,
1900,C23555R17LEVTLHM02,1325223317103YLEV0,
1900,C23555R19RANHPGC01,1325223319105VRHM0,
1900,C23555R19RANHPGC02,1325223319105VRHM0,
1900,C23560R18RANHTGC01,1325223418103HRHP0,
1900,C23560R18RANHTGC02,1325223418103HRHP0,
1900,C23560R18RANHTTY01,1325223418103HRHP0,
1900,C23560R18RANHTTY02,1325223418103HRHP0,
1900,C23560R18ELTOUGC01,1325223418103VETR0,
1900,C23560R18ELTOUGC02,1325223418103VETR0,
1900,C23565R16UXROYGR01,1325223516103TURL0,
1900,C23565R16UXROYGR02,1325223516103TURL0,
1900,C23565R17RHTTLGC01,1325223517104HBHT0,
1900,C23565R17RHTTLGC02,1325223517104HBHT0,
1900,C23565R17ELZTLMK01,1325223517104HENX0,
1900,C23565R17ELZTLMK02,1325223517104HENX0,
1900,C23565R17ELZTLMK03,1325223517104HENX0,
1900,C23565R17ELZTLMK04,1325223517104HENX0,
1900,C23565R17ELZTLMK05,1325223517104HENX0,
1900,C23565R17ELZTLMK06,1325223517104HENX0,
1900,C23565R17ELZTLMK07,1325223517104HENX0,
1900,C23565R17ELZTLMK08,1325223517104HENX0,
1900,C23565R17ELZTLMK09,1325223517104HENX0,
1900,C23565R17ELZTLMK10,1325223517104HENX0,
1900,C23565R17ELZTLMK11,1325223517104HENX0,
1900,C23565R17ELZTLMK12,1325223517104HENX0,
1900,C23565R17ELZTLMK13,1325223517104HENX0,
1900,C23565R17ELZTLMK14,1325223517104HENX0,
1900,C23565R17ELZTLMK15,1325223517104HENX0,
1900,C23565R17ELZTLMK16,1325223517104HENX0,
1900,C23565R17ELZTLMK17,1325223517104HENX0,
1900,C23565R17ELZTLMK18,1325223517104HENX0,
1900,C23565R17ELZTLMK19,1325223517104HENX0,
1900,C23565R17ELTOUGC01,1325223517104HETR0,
1900,C23565R17ELTOUGC02,1325223517104HETR0,
1900,C23565R17RHTPLHM01,1325223517104HRHP0,
1900,C23565R17RHTPLHM02,1325223517104HRHP0,
1900,C23565R17ELZTLMK04,1325223517104HRHT0,
1900,C23565R17RANHTTL02,1325223517104HRHT0,
1900,C23565R17RHTTLHM01,1325223517104HRHT0,
1900,C23565R17RHTTLHM02,1325223517104HRHT0,
1900,C23565R17RHTTLHM03,1325223517104HRHT0,
1900,C23565R17RHTTLHM04,1325223517104HRHT0,
1900,C23565R17RAXATGC01,1325223517104TRXT0,
1900,C23565R17RAXATGC02,1325223517104TRXT0,
1900,C23565R17RAXATTY01,1325223517104TRXT0,
1900,C23565R17RAXATTY02,1325223517104TRXT0,
1900,C23565R17XATTLTY01,1325223517104TRXT0,
1900,C23565R17XATTLTY02,1325223517104TRXT0,
1900,C23565R18ELTOUGC01,1325223518106HETR0,
1900,C23565R18ELTOUGC02,1325223518106HETR0,
1900,C23570R16BLZHT01,1325223616105HBHT0,
1900,C23570R16BZTLHM01,1325223616105HBHT0,
1900,C23570R16BZTLHM02,1325223616105HBHT0,
1900,C23570R16RHTLGC01,1325223616105HBHT0,
1900,C23570R16RHTLGC02,1325223616105HBHT0,
1900,C23565R17RANHTTL02,1325223616105HRHT0,
1900,C23570R16ELZTLMK01,1325223616105HRHT0,
1900,C23570R16RANHTTL01,1325223616105HRHT0,
1900,C23570R16RHTTLHM01,1325223616105HRHT0,
1900,C23570R16RHTTLHM02,1325223616105HRHT0,
1900,C23570R16RHTTLHM03,1325223616105HRHT0,
1900,C23570R16RHTTLHM04,1325223616105HRHT0,
1900,C23570R16ELZTLMK01,1325223616105SELN0,
1900,C23570R16ELZTLSY01,1325223616105SELN0,
1900,C23570R16ELZTLSY02,1325223616105SELN0,
1900,C23570R16ELZTLSY03,1325223616105SELN0,
1900,C23570R16ELZTLSY05,1325223616105SELN0,
1900,C23570R16ELZTLSY06,1325223616105SELN0,
1900,C23570R16ELZTLSY07,1325223616105SELN0,
1900,C23570R16ELZTLSY08,1325223616105SELN0,
1900,C23570R16ELZTLSY09,1325223616105SELN0,
1900,C23570R16ELZTLSY10,1325223616105SELN0,
1900,C23570R16ELZTLSY12,1325223616105SELN0,
1900,C23570R16RANATTL02,1325223616105TRAT0,
1900,C23570R16RATTLGC01,1325223616105TRAT0,
1900,C23570R16RATTLGC02,1325223616105TRAT0,
1900,C23570R16RATTLHM01,1325223616105TRAT0,
1900,C23570R16RATTLHM02,1325223616105TRAT0,
1900,C23570R16ELZTLMK01,1325223616109SELZ0,
1900,C23570R16ELZTLSY02,1325223616109SELZ0,
1900,C23570R16ELZTLSY03,1325223616109SELZ0,
1900,C23570R16ELZTLSY04,1325223616109SELZ0,
1900,C23570R16ELZTLSY05,1325223616109SELZ0,
1900,C23570R16ELZTLSY06,1325223616109SELZ0,
1900,C23570R16ELZTLSY08,1325223616109SELZ0,
1900,C23570R16ELZTLSY09,1325223616109SELZ0,
1900,C23570R16ELZTLSY10,1325223616109SELZ0,
1900,C23570R16ELZTLSY11,1325223616109SELZ0,
1900,C23570R16ELZTLSY12,1325223616109SELZ0,
1900,C23575R15RANMTGR01,1325223715104QRMT0,
1900,C2375R15RANMTGR02,1325223715104QRMT0,
1900,C23575R15BXATHM02,1325223715104RBXT0,
1900,C23575R15BXATHM01,1325223715104RRXT0,
1900,C23575R15BXATHM02,1325223715104RRXT0,
1900,C23575R15RXATGC01,1325223715104RRXT0,
1900,C23575R15RXATGC02,1325223715104RRXT0,
1900,C23575R15RHTTLHM01,1325223715105TBHT0,
1900,C23575R15RHTTLHM02,1325223715105TBHT0,
1900,C23575R15RANHTTL01,1325223715105TRHT0,
1900,C23585R16RMTTLGC01,1325223916120NRMT0,
1900,C23585R16RMTTLGC02,1325223916120NRMT0,
1900,C24540R18UX1HM101,1325224018097WUX10,
1900,C24540R18UX1HM102,1325224018097WUX10,
1900,C24545R17UHPTLHM01,1325224117099WLEVY,
1900,C24545R17UHPTLHM02,1325224117099WLEVY,
1900,C24545R18LEVTLHB01,1325224118100WLEV0,
1900,C24545R18LEVTLHB02,1325224118100WLEV0,
1900,C24545R18UX1HMI01,1325224118100WUX10,
1900,C24545R18UX1HMI02,1325224118100WUX10,
1900,C24555R19RANHPGC01,1325224319103HRHM0,
1900,C24555R19RANHPGC02,1325224319103HRHM0,
1900,C24560R18RANHPGC01,1325224418105VRHM0,
1900,C24560R18RANHPGC02,1325224418105VRHM0,
1900,C24565R17RANHHMI01,1325224517107VRHM0,
1900,C24565R17RANHHMI02,1325224517107VRHM0,
1900,C24575R16SUPBHMI01,1325224716111SELS0,
1900,C24575R16SUPBHMI02,1325224716111SELS0,
1900,C24575R16SUPTBMK01,1325224716111SELS0,
1900,C24575R16SUPTBMK02,1325224716111SELS0,
1900,C24575R16SUPTLGC01,1325224716111SELS0,
1900,C24575R16SUPTLGC02,1325224716111SELS0,
1900,C24575R16SUPTLHM01,1325224716111SELS0,
1900,C24575R16SUPTLHM02,1325224716111SELS0,
1900,C24575R16SUPTLSY01,1325224716111SELS0,
1900,C24575R16SUPTLSY03,1325224716111SELS0,
1900,C24575R16RHT2HMI01,1325224716111SRHB0,
1900,C24575R16RHT2HMI02,1325224716111SRHB0,
1900,C2457516RHTTLHM01,1325224716120NRMT0,
1900,C2457516RHTTLHM02,1325224716120NRMT0,
1900,C25545R19LEVTLGC01,1325225119104WLEV0,
1900,C25560R18RHTTLHM01,1325225418108HRHT0,
1900,C25560R18RHTTLHM02,1325225418108HRHT0,
1900,C25560R19RANATGR01,1325225419109HRAT0,
1900,C25560R19RANATGR02,1325225419109HRAT0,
1900,C25565R16ELZTLGC01,1325225516109HENX0,
1900,C25565R18RATTLGC01,1325225518111HRAT0,
1900,C25565R18RATTLGC02,1325225518111HRAT0,
1900,C25565R18RATTLGC03,1325225518111HRAT0,
1900,C25565R18RATTLGC04,1325225518111HRAT0,
1900,C25565R18RATTLGC05,1325225518111HRAT0,
1900,C25565R18RATTLHM01,1325225518111HRAT0,
1900,C25565R18RAATHMI01,1325225518111HRAT1,
1900,C25565R18RAATHMI02,1325225518111HRAT1,
1900,C25565R18RAHT2GC01,1325225518111HRHB0,
1900,C25565R18RAHT2GC02,1325225518111HRHB0,
1900,C25565R18RAHT2GC03,1325225518111HRHB0,
1900,C25565R18RAHT2GC04,1325225518111HRHB0,
1900,C25565R18RAHT2HM01,1325225518111HRHB0,
1900,C25565R18RAHT2HM02,1325225518111HRHB0,
1900,C25565R18RAHT2HM03,1325225518111HRHB0,
1900,C25565R18RAHT2HM04,1325225518111HRHB0,
1900,C25565R18RAHT2HM05,1325225518111HRHB0,
1900,C25565R18RAHT2HM06,1325225518111HRHB0,
1900,C25565R18RAHTHMI03,1325225518111HRHB0,
1900,C25565R18RAHTHMI04,1325225518111HRHB0,
1900,C26560R18RHTPHM01,1325226418110HRHP0,
1900,C26560R18RHTPHM02,1325226418110HRHP0,
1900,C26560R18XATTLTY01,1325226418110HRXT0,
1900,C26560R18XATTLTY02,1325226418110HRXT0,
1900,C26565R17RHTTLHM03,1325226517112HBHT0,
1900,C26565R17RHTTLHM04,1325226517112HBHT0,
1900,C22565R17RANGERHT1,1325226517112HRHT0,
1900,C22565R17RANHTTL01,1325226517112HRHT0,
1900,C26565R17RANHT01,1325226517112HRHT0,
1900,C26565R17RANHT02,1325226517112HRHT0,
1900,C26565R17RANHT03,1325226517112HRHT0,
1900,C26565R17RANHT04,1325226517112HRHT0,
1900,C26565R17RHTTLGC01,1325226517112HRHT0,
1900,C26565R17RHTTLGC02,1325226517112HRHT0,
1900,C26565R17RHTTLHM01,1325226517112HRHT0,
1900,C26565R17RHTTLHM02,1325226517112HRHT0,
1900,C26565R17RHTTLHM03,1325226517112HRHT0,
1900,C26565R17RHTTLHM04,1325226517112HRHT0,
1900,C26565R17RHTTLHM03,1325226517112HRHT1,
1900,C26565R17RHTTLHM04,1325226517112HRHT1,
1900,C26565R17RHTTLHM03,1325226517112HRPG0,
1900,C26565R17RHTTLHM04,1325226517112HRPG0,
1900,C26565R17XATTLTY01,1325226517112HRXT0,
1900,C26565R17XATTLTY02,1325226517112HRXT0,
1900,C26565R17RHTCGC01,1325226517120LRHTZ,
1900,C026565R18RHTPHM01,1325226518114HRHP0,
1900,C026565R18RHTPHM02,1325226518114HRHP0,
1900,C26570R16BLZHTHM01,1325226616111TBHT0,
1900,C26570R16BLZHTHM02,1325226616111TBHT0,
1900,C26570R16RHTHM01,1325226616111TRHT0,
1900,C26570R16RHTHM02,1325226616111TRHT0,
1900,C26570R17RHTTLHM01,1325226617115TRHT0,
1900,C26570R17RHTTLHM02,1325226617115TRHT0,
1900,C26570R17RMTTLGC01,1325226617118QRMT0,
1900,C26570R17RMTTLGC02,1325226617118QRMT0,
1900,C26575R16RHTTLGC01,1325226716114TBHT0,
1900,C26575R16RHTTLGC02,1325226716114TBHT0,
1900,C26575R16RHTTLGC01,1325226716114TRHT0,
1900,C26575R16RHTTLGC02,1325226716114TRHT0,
1900,C26575R16RMTTLGR01,1325226716123KRMT0,
1900,C26575R16RMTTLGR02,1325226716123KRMT0,
1900,C27570R16RHTTLGC01,1325227616114TBHT0,
1900,C27570R16RHTTLGC02,1325227616114TBHT0,
1900,C27570R16RANHT01,1325227616114TRHT0,
1900,C27570R16RHTTLGC01,1325227616114TRHT0,
1900,C27570R16RHTTLGC02,1325227616114TRHT0,
1900,C31105R15RHTTLHM01,1325231015109QRMT0,
1900,C31105R15RHTTLHM02,1325231015109QRMT0,
1900,C31105R15RHTTLHM03,1325231015109QRMT0,
1900,C31105R15RHTTLHM04,1325231015109QRMT0,
1900,C31X105R15BXATGR01,1325231015109RBXT0,
1900,C31X105R15BXATGR02,1325231015109RBXT0,
1900,C31X105R15BXATGC01,1325231015109RRXT0,
1900,C31X105R15BXATGC02,1325231015109RRXT0,
1900,C32115R15BXATHM01,1325232015113RBXT0,
1900,C32115R15BXATHM02,1325232015113RBXT0,
1900,C18585R16BRUTEGR11,1425118916008QBRN0,
1900,C18585R16BRUTTDC14,1425118916008QBRN0,
1900,C18585R16BRUTTG-01,1425118916008QBRN0,
1900,C18585R16BRUTTGR02,1425118916008QBRN0,
1900,C18585R16BRUTTGR03,1425118916008QBRN0,
1900,C18585R16BRUTTGR04,1425118916008QBRN0,
1900,C18585R16BRUTTGR09,1425118916008QBRN0,
1900,C18585R16BRUTTGR05,1425118916008QRBT0,
1900,C18585R16BRUTTGR06,1425118916008QRBT0,
1900,C18585R16BRUTTGR07,1425118916008QRBT0,
1900,C18585R16BRUTTGR08,1425118916008QRBT0,
1900,B145R12ULTIXPCGC11,1D25114012008QXPC0,
1900,B145R12ULTIXPCGC14,1D25114012008QXPC0,
1900,C145R12XPCLTTTDC01,1D25114012008QXPC0,
1900,C145R12XPCLTTTDC03,1D25114012008QXPC0,
1900,C145R12XPCLTTTDC05,1D25114012008QXPC0,
1900,C145R12XPCLTTTDC07,1D25114012008QXPC0,
1900,C145R12XPCLTTTGC01,1D25114012008QXPC0,
1900,C145R12XPCLTTTGC02,1D25114012008QXPC0,
1900,C145R12XPCLTTTGC04,1D25114012008QXPC0,
1900,C145R12XPCLTTTGC05,1D25114012008QXPC0,
1900,C145R12XPCLTTTGR01,1D25114012008QXPC0,
1900,C145R12XPCLTTTGR02,1D25114012008QXPC0,
1900,C145R12XPCLTTTGR03,1D25114012008QXPC0,
1900,C145R12XPCLTTTGR04,1D25114012008QXPC0,
1900,C145R12XPCLTTTGR06,1D25114012008QXPC0,
1900,C145R12XPCLTTTGR07,1D25114012008QXPC0,
1900,C165R14ULXPCTLGC03,1D25116814008QXPC0,
1900,C165R14ULXPCTLGC04,1D25116814008QXPC0,
1900,C165R14ULXPCTLGC05,1D25116814008QXPC0,
1900,C165R14ULXPCTLGC06,1D25116814008QXPC0,
1900,C165R14ULXPCTLGC07,1D25116814008QXPC0,
1900,C165R14ULXPCTLGC08,1D25116814008QXPC0,
1900,C165R14ULXPCTLGC09,1D25116814008QXPC0,
1900,C165R14ULXPCTLGC10,1D25116814008QXPC0,
1900,C185R14LTXPCTLGC03,1D25118014010RXPC0,
1900,C185R14LTXPCTLGC05,1D25118014010RXPC0,
1900,C185R14LTXPCTLHM01,1D25118014010RXPC0,
1900,C185R14LTXPCTLHM02,1D25118014010RXPC0,
1900,C185R14LTXPCTLHM03,1D25118014010RXPC0,
1900,C185R14LTXPCTLHM04,1D25118014010RXPC0,
1900,C185R14LTXPCTLHM07,1D25118014010RXPC0,
1900,C185R14LTXPCTLHM05,1D25118Z14008QXPC0,
1900,C185R14LTXPCTLMK05,1D25118Z14008QXPC0,
1900,C185R14LTXPCTLMK06,1D25118Z14008QXPC0,
1900,C185R14LTXPCTLMK07,1D25118Z14008QXPC0,
1900,B145R12ULTIXPCGC08,1D25214012008QXPCM,
1900,B145R12ULTIXPCGC10,1D25214012008QXPCM,
1900,B145R12ULTIXPCGC12,1D25214012008QXPCM,
1900,B145R12ULTIXPCGC13,1D25214012008QXPCM,
1900,B145R12ULTIXPCGC15,1D25214012008QXPCM,
1900,B145R12ULTIXPCGC16,1D25214012008QXPCM,
1900,C145R12XPCLTTTGC01,1D25214012008QXPCM,
1900,C145R12XPCLTTTGC02,1D25214012008QXPCM,
1900,B145R12ULTIXPCGC07,1D25214012008QXPCT,
1900,B145R12ULTIXPCGC08,1D25214012008QXPCT,
1900,B145R12ULTIXPCGC09,1D25214012008QXPCT,
1900,B145R12ULTIXPCGC10,1D25214012008QXPCT,
1900,B145R12ULTIXPCGC12,1D25214012008QXPCT,
1900,B145R12ULTIXPCGC13,1D25214012008QXPCT,
1900,B145R12ULTIXPCGC15,1D25214012008QXPCT,
1900,B145R12ULTIXPCGC16,1D25214012008QXPCT,
1900,B145R12ULTIXPCHM01,1D25214012008QXPCT,
1900,B145R12ULTIXPCHM02,1D25214012008QXPCT,
1900,C145R12XPCLTTTGC01,1D25214012008QXPCT,
1900,C145R12XPCLTTTGC02,1D25214012008QXPCT,
1900,C145R12XPCLTTTGC03,1D25214012008QXPCT,
1900,C145R12XPCLTTTGC04,1D25214012008QXPCT,
1900,C145R12XPCLTTTGC05,1D25214012008QXPCT,
1900,C145R12XPCLTTTGC06,1D25214012008QXPCT,
1900,C145R12XPCLTTTHM03,1D25214012008QXPCT,
1900,C145R12XPCLTTTHM04,1D25214012008QXPCT,
1900,C145R12XPCTTHM01,1D25214012008QXPCT,
1900,C145R12XPCTTHM02,1D25214012008QXPCT,
1900,C155R13ULIXPC1GC01,1D25215013008SXC10,
1900,C155R13ULIXPC1GC02,1D25215013008SXC10,
1900,C155R13ULIXPC1GC05,1D25215013008SXC10,
1900,C155R13ULIXPC1GC06,1D25215013008SXC10,
1900,C155R13ULIXPC1GC07,1D25215013008SXC10,
1900,C155R13ULIXPC1GC08,1D25215013008SXC10,
1900,C155R13ULIXPC1GC09,1D25215013008SXC10,
1900,C155R13ULIXPC1GC10,1D25215013008SXC10,
1900,C155R13ULTXPC1HM01,1D25215013008SXC10,
1900,C155R13ULTXPC1HM02,1D25215013008SXC10,
1900,C155R13ULTXPC1HM03,1D25215013008SXC10,
1900,C155R13ULTXPC1HM04,1D25215013008SXC10,
1900,C155R13ULTXPC1HM05,1D25215013008SXC10,
1900,C155R13ULTXPC1HM06,1D25215013008SXC10,
1900,C155R13ULTXPC1HM07,1D25215013008SXC10,
1900,C155R13ULTXPC1HM08,1D25215013008SXC10,
1900,C155R13ULTXPC1HM09,1D25215013008SXC10,
1900,C155R13ULTXPC1HM11,1D25215013008SXC10,
1900,C155R13ULTXPC1HM12,1D25215013008SXC10,
1900,C155R13ULTXPC1HM13,1D25215013008SXC10,
1900,C155R13ULTXPC1HM14,1D25215013008SXC10,
1900,C155R13ULTXPC1HM15,1D25215013008SXC10,
1900,C155R13ULTXPC1HM16,1D25215013008SXC10,
1900,C155R13ULTXPC1HM17,1D25215013008SXC10,
1900,C155R13ULTXPC1HM18,1D25215013008SXC10,
1900,C155R13ULTXPC1HM19,1D25215013008SXC10,
1900,C155R13ULTXPC1HM20,1D25215013008SXC10,
1900,C155R13ULTXPC1HM21,1D25215013008SXC10,
1900,C155R13ULTXPC1HM22,1D25215013008SXC10,
1900,C155R13ULTXPC1HM23,1D25215013008SXC10,
1900,C155R13ULTXPC1HM24,1D25215013008SXC10,
1900,C155R13ULTXPC1HM25,1D25215013008SXC10,
1900,C155R13ULTXPC1HM26,1D25215013008SXC10,
1900,C155R13ULTXPC1HM27,1D25215013008SXC10,
1900,C155R13ULTXPC1HM28,1D25215013008SXC10,
1900,C155R13ULTXPC1HM29,1D25215013008SXC10,
1900,C155R13ULTXPC1HM30,1D25215013008SXC10,
1900,C155R13ULTXPC1HM31,1D25215013008SXC10,
1900,C155R13ULTXPC1HM32,1D25215013008SXC10,
1900,C155R13ULTXPC1SM01,1D25215013008SXC10,
1900,C155R13ULTXPC1SM02,1D25215013008SXC10,
1900,C155R13ULIXPC1GC03,1D25215013008SXC1T,
1900,C155R13ULIXPC1GC04,1D25215013008SXC1T,
1900,C155R13ULTXPC1HM08,1D25215013008SXC1T,
1900,C155R13ULTXPC1HM10,1D25215013008SXC1T,
1900,C155R13ULTXPC1HM14,1D25215013008SXC1T,
1900,C155R13ULTXPC1HM16,1D25215013008SXC1T,
1900,C155R13ULTXPC1HM17,1D25215013008SXC1T,
1900,C155R13ULTXPC1HM23,1D25215013008SXC1T,
1900,C155R13ULTXPC1HM29,1D25215013008SXC1T,
1900,C155R13ULTXPC1HM31,1D25215013008SXC1T,
1900,C155R13ULTXPC1HM32,1D25215013008SXC1T,
1900,C165R14ULXPCTLGC01,1D25216814008QXPC0,
1900,C165R14ULXPCTLGC02,1D25216814008QXPC0,
1900,C165R14ULXPCTLGC03,1D25216814008QXPC0,
1900,C165R14ULXPCTLGC04,1D25216814008QXPC0,
1900,C165R14ULXPCTLGC05,1D25216814008QXPC0,
1900,C165R14ULXPCTLGC06,1D25216814008QXPC0,
1900,C165R14ULXPCTLGC07,1D25216814008QXPC0,
1900,C165R14ULXPCTLGC08,1D25216814008QXPC0,
1900,C165R14ULXPCTLGC09,1D25216814008QXPC0,
1900,C165R14ULXPCTLGC10,1D25216814008QXPC0,
1900,C165R14ULXPCTLGR01,1D25216814008QXPC0,
1900,C165R14ULXPCTLGR02,1D25216814008QXPC0,
1900,C185R14LTXPCTLGC02,1D25218014010RXPCT,
1900,C185R14LTXPCTLGC03,1D25218014010RXPCT,
1900,C185R14LTXPCTLGC05,1D25218014010RXPCT,
1900,C185R14LTXPCTLHM01,1D25218014010RXPCT,
1900,C185R14LTXPCTLHM02,1D25218014010RXPCT,
1900,C185R14LTXPCTLHM04,1D25218014010RXPCT,
1900,C185R14LTXPCTLHM06,1D25218014010RXPCT,
1900,C185R14LTXPCTLHM08,1D25218014010RXPCT,
1900,C185R14LTXPCTLMK01,1D25218014010RXPCT,
1900,C185R14LTXPCTLMK03,1D25218014010RXPCT,
1900,C185R14LTXPCTLMK04,1D25218014010RXPCT,
1900,C185R14LTXPCTLGC04,1D25218Z14008QXPC0,
1900,C185R14LTXPCTLHM01,1D25218Z14008QXPC0,
1900,C185R14LTXPCTLHM02,1D25218Z14008QXPC0,
1900,C185R14LTXPCTLHM05,1D25218Z14008QXPC0,
1900,C185R14LTXPCTLMK02,1D25218Z14008QXPC0,
1900,C185R14LTXPCTLMK05,1D25218Z14008QXPC0,
1900,C185R14LTXPCTLMK08,1D25218Z14008QXPC0,
1900,C185R14XPC1MD04,1D25218Z14008QXPC0,
1900,C185R14XPC1MD05,1D25218Z14008QXPC0,
1900,C185R14XPCMD07,1D25218Z14008QXPC0,
1900,C18514UXPC1TLGC01,1D25218Z14008RXC10,
1900,C18514UXPC1TLGC02,1D25218Z14008RXC10,
1900,C185R14LTXPCTLGC01,1D25218Z14008RXC10,
1900,C185R14XPC1MD04,1D25218Z14008RXC10,
1900,C185R14XPC1MD05,1D25218Z14008RXC10,
1900,C195R14UXPC1TLGC01,1D25219Z14008SXC10,
1900,C195R14UXPC1TLGC02,1D25219Z14008SXC10,
1900,C195R14UXPC1TLMK01,1D25219Z14008SXC10,
1900,C195R14UXPC1TLMK02,1D25219Z14008SXC10,
