plant,start_date,start_shift,plant_day,carry_out,finishes_next_month,press,gt_code,gt_description,tyre_size,rim,modal_sku,n_skus,mould_set,qty_planned,qty_fed,qty_unfed,start_ts,end_ts,hours,campaign_id
PCR,2026-08-01,A,1,false,false,120,GT 1482 UHL,145/80 R 12 ULTIMA HI LIFE TL (+13 SKUs),R12,R12,1325214812074TUHL0,14,G::PCR::GT 1482 UHL,4191.0,4191.0,0.0,2026-08-01 07:00,2026-08-27 07:09,624.15,PCR-120-08010700
PCR,2026-08-01,A,1,false,false,121,GT 2267 ROYL HYU,215/60 R17 UX ROYALE HYUNDAI (+9 SKUs),R17,R17,1325221417096HURL0,10,G::PCR::GT 2267 ROYL HYU,4204.0,4160.0,44.0,2026-08-01 07:00,2026-08-26 13:23,606.4,PCR-121-08010700
PCR,2026-08-01,A,1,false,false,122,GT 1995 ROYL KIA,195/65R15 UX ROYALE (+10 SKUs),R15,R15,1325219515091HURL2,11,G::PCR::GT 1965 ROYL,4646.0,4646.0,0.0,2026-08-01 07:00,2026-08-27 09:38,626.64,PCR-122-08010700
PCR,2026-08-01,A,1,false,false,124,GT 1765 ROYL,175/65 R15 UX ROYALE (+5 SKUs),R15,R15,1325217515084HURL2,6,G::PCR::GT 1765 ROYL,4026.0,4015.0,11.0,2026-08-01 07:00,2026-08-23 22:00,543.01,PCR-124-08010700
PCR,2026-08-01,A,1,false,false,125,GT 1513 XPC1 MSIL,155 R13 C ULTIMA XPC1 90/89 S TL (MSIL) (+1 SKUs),R13,R13,1D25215013008SXC10,2,G::PCR::GT 1513 XPC1 MSIL,3912.0,3912.0,0.0,2026-08-01 07:00,2026-08-28 14:53,655.88,PCR-125-08010700
PCR,2026-08-01,A,1,false,false,126,GT 2568 HT2,255/65 R 18 Ranger HT2 111 H,R18,R18,1325225518111HRHB0,1,G::PCR::GT 2568 HT2,3633.0,3502.0,131.0,2026-08-01 07:00,2026-08-25 06:04,575.08,PCR-126-08010700
PCR,2026-08-01,A,1,false,false,127,GT 1634 XPC TATA,165 R14 ULTIMA XPC TATA TL (+5 SKUs),R14,R14,1D25216814008QXPC0,6,G::PCR::GT 1634 XPC TATA,3283.0,3283.0,0.0,2026-08-01 07:00,2026-08-25 12:10,581.18,PCR-127-08010700
PCR,2026-08-01,A,1,false,false,186,GT 2476 SUP MM,245/75 R16 ELANZO SUPRA,"",R16,1325224716111SELS0,1,G::PCR::GT 2476 SUP MM,3606.0,3606.0,0.0,2026-08-01 07:00,2026-08-25 18:41,587.69,PCR-186-08010700
PCR,2026-08-01,A,1,false,false,188,GT 1513 XPC1 MSIL,155 R13 C ULTIMA XPC1 90/89 S TL (MSIL) (+1 SKUs),R13,R13,1D25215013008SXC10,2,G::PCR::GT 1513 XPC1 MSIL,3121.0,3121.0,0.0,2026-08-01 07:00,2026-08-23 02:15,523.27,PCR-188-08010700
PCR,2026-08-01,A,1,false,false,189,GT 1513 XPC1 MSIL,155 R13 C ULTIMA XPC1 90/89 S TL (MSIL) (+1 SKUs),R13,R13,1D25215013008SXC10,2,G::PCR::GT 1513 XPC1 MSIL,3121.0,2964.0,157.0,2026-08-01 07:00,2026-08-23 02:15,523.27,PCR-189-08010700
PCR,2026-08-01,A,1,false,false,190,GT 1513 XPC1 MSIL,155 R13 C ULTIMA XPC1 90/89 S TL (MSIL) (+1 SKUs),R13,R13,1D25215013008SXC10,2,G::PCR::GT 1513 XPC1 MSIL,3121.0,3121.0,0.0,2026-08-01 07:00,2026-08-23 02:15,523.27,PCR-190-08010700
PCR,2026-08-01,A,1,false,false,191,GT 1402 XPC TATA,145 R12 ULTIMA XPC TL TATA (+14 SKUs),R12,R12,1D25214012008QXPCT,15,G::PCR::GT 1402 XPC TATA,3250.0,3250.0,0.0,2026-08-01 07:00,2026-08-27 03:59,621.0,PCR-191-08010700
PCR,2026-08-01,A,1,false,false,193,GT 1513 XPC1 MSIL,155 R13 C ULTIMA XPC1 90/89 S TL (MSIL) (+1 SKUs),R13,R13,1D25215013008SXC10,2,G::PCR::GT 1513 XPC1 MSIL,3121.0,2808.0,313.0,2026-08-01 07:00,2026-08-23 02:15,523.27,PCR-193-08010700
PCR,2026-08-01,A,1,false,false,194,GT 2258 RAN HPE,225/55 R 18 Ranger Hpe (+1 SKUs),R 18,R18,1325222318098HRHE0,2,G::PCR::GT 2258 RAN HPE,3578.0,3578.0,0.0,2026-08-01 07:00,2026-08-24 21:22,566.37,PCR-194-08010700
PCR,2026-08-01,A,1,false,false,196,GT 1513 XPC1 MSIL,155 R13 C ULTIMA XPC1 90/89 S TL (MSIL) (+1 SKUs),R13,R13,1D25215013008SXC10,2,G::PCR::GT 1513 XPC1 MSIL,3121.0,3121.0,0.0,2026-08-01 07:00,2026-08-23 02:15,523.27,PCR-196-08010700
PCR,2026-08-01,A,1,false,false,197,GT 2476 SUP MM,245/75 R16 ELANZO SUPRA,"",R16,1325224716111SELS0,1,G::PCR::GT 2476 SUP MM,3252.0,3097.0,155.0,2026-08-01 07:00,2026-08-23 08:59,530.0,PCR-197-08010700
PCR,2026-08-01,A,1,false,false,209,GT 2476 SUP MM,245/75 R16 ELANZO SUPRA,"",R16,1325224716111SELS0,1,G::PCR::GT 2476 SUP MM,3252.0,3252.0,0.0,2026-08-01 07:00,2026-08-23 08:59,530.0,PCR-209-08010700
PCR,2026-08-01,A,1,false,false,23,GT 1412 XPC MM,145 R12 ULTIMA XPC (+6 SKUs),"",R12,1D25114012008QXPC0,7,G::PCR::GT 1402 XPC TATA,2257.0,2257.0,0.0,2026-08-01 07:00,2026-08-16 14:50,367.84,PCR-23-08010700
PCR,2026-08-01,A,1,false,false,234,GT 2568 HT2,255/65 R 18 Ranger HT2 111 H,R18,R18,1325225518111HRHB0,1,G::PCR::GT 2568 HT2,2288.0,2288.0,0.0,2026-08-01 07:00,2026-08-16 09:10,362.17,PCR-234-08010700
PCR,2026-08-01,A,1,false,false,236,GT2776 RAN AT,235/70 R16 105T RANGER AT,R16,R16,1325223616105TRAT0,1,G::PCR::GT2776 RAN AT,2388.0,2388.0,0.0,2026-08-01 07:00,2026-08-18 21:44,422.74,PCR-236-08010700
PCR,2026-08-01,A,1,false,false,24,GT 1482 UHL,145/80 R 12 ULTIMA HI LIFE TL (+13 SKUs),R12,R12,1325214812074TUHL0,14,G::PCR::GT 1482 UHL,2553.0,2553.0,0.0,2026-08-01 07:00,2026-08-17 03:12,380.21,PCR-24-08010700
PCR,2026-08-01,A,1,false,false,258,GT 1844 XPC TML,185 R14 ULTIMA XPC 10 PR (+1 SKUs),R14,R14,1D25218014010RXPCT,2,G::PCR::GT 1844 XPC TML,2866.0,2866.0,0.0,2026-08-01 07:00,2026-08-25 05:28,574.47,PCR-258-08010700
PCR,2026-08-01,A,1,false,false,288,GT 1925 XPC1,195 R15 ULTIMA XPC1 AL,R15,R15,1225219Z15008SXC11,1,G::PCR::GT 1905 XPC1,2479.0,2479.0,0.0,2026-08-01 07:00,2026-08-25 09:09,578.16,PCR-288-08010700
PCR,2026-08-01,A,1,false,false,289,GT 1925 XPC1,195 R15 ULTIMA XPC1 AL,R15,R15,1225219Z15008SXC11,1,G::PCR::GT 1905 XPC1,2311.0,2311.0,0.0,2026-08-01 07:00,2026-08-23 17:58,538.98,PCR-289-08010700
PCR,2026-08-01,A,1,false,false,298,GT 2258 RAN HPE,225/55 R 18 Ranger Hpe (+1 SKUs),R 18,R18,1325222318098HRHE0,2,G::PCR::GT 2258 RAN HPE,2253.0,2102.0,151.0,2026-08-01 07:00,2026-08-16 03:38,356.63,PCR-298-08010700
PCR,2026-08-01,A,1,false,false,40,GT  T1457 STAR,T145/70 R17 STAR XT (+2 SKUs),R17,R17,1325214617107MSXT0,3,G::PCR::GT  T1457 STAR,3715.0,3715.0,0.0,2026-08-01 07:00,2026-08-25 19:03,588.06,PCR-40-08010700
PCR,2026-08-01,A,1,false,false,41,GT 1482 UHL,145/80 R 12 ULTIMA HI LIFE TL (+13 SKUs),R12,R12,1325214812074TUHL0,14,G::PCR::GT 1482 UHL,2553.0,2402.0,151.0,2026-08-01 07:00,2026-08-17 03:12,380.21,PCR-41-08010700
PCR,2026-08-01,A,1,false,false,42,GT  T1457 STAR,T145/70 R17 STAR XT (+2 SKUs),R17,R17,1325214617107MSXT0,3,G::PCR::GT  T1457 STAR,2340.0,2215.0,125.0,2026-08-01 07:00,2026-08-16 17:24,370.41,PCR-42-08010700
PCR,2026-08-01,A,1,false,false,44,GT 2367 RAN XATW,235/65 R17 RANGER X-AT 104T,R17,R17,1325223517104TRXT0,1,G::PCR::GT 2367 RAN XATW,1864.0,1670.0,194.0,2026-08-01 07:00,2026-08-14 16:14,321.25,PCR-44-08010700
PCR,2026-08-01,A,1,false,false,49,GT  T1457 STAR,T145/70 R17 STAR XT (+2 SKUs),R17,R17,1325214617107MSXT0,3,G::PCR::GT  T1457 STAR,1598.0,1598.0,0.0,2026-08-01 07:00,2026-08-11 19:57,252.95,PCR-49-08010700
PCR,2026-08-01,A,1,false,false,51,GT 1854 XPC TT,185 R 14 Ultima XPC 10 PR TT (+1 SKUs),R14,R14,1D25118014010RXPC0,2,G::PCR::GT 1844 XPC TML,2018.0,1774.0,244.0,2026-08-01 07:00,2026-08-19 07:50,432.84,PCR-51-08010700
PCR,2026-08-01,A,1,false,false,52,GT 1634 XPC TATA,165 R14 ULTIMA XPC TATA TL (+5 SKUs),R14,R14,1D25216814008QXPC0,6,G::PCR::GT 1634 XPC TATA,2000.0,2000.0,0.0,2026-08-01 07:00,2026-08-16 01:03,354.05,PCR-52-08010700
PCR,2026-08-01,A,1,false,false,53,GT 1844 XPC TML,185 R14 ULTIMA XPC 10 PR (+1 SKUs),R14,R14,1D25218014010RXPCT,2,G::PCR::GT 1844 XPC TML,1806.0,1806.0,0.0,2026-08-01 07:00,2026-08-16 08:59,362.0,PCR-53-08010700
PCR,2026-08-01,B,1,false,false,119,GT 1503 NEO MSIL,155/80 R13 ULTIMA NEO MSIL (+6 SKUs),R13,R13,1325215813079TUNE3,7,G::PCR::GT 1503 NEO MSIL,4835.0,4835.0,0.0,2026-08-01 18:51,2026-08-27 06:13,611.37,PCR-119-08011851
PCR,2026-08-01,B,1,false,false,123,GT 1503 NEO MSIL,155/80 R13 ULTIMA NEO MSIL (+6 SKUs),R13,R13,1325215813079TUNE3,7,G::PCR::GT 1503 NEO MSIL,4227.0,4227.0,0.0,2026-08-01 18:51,2026-08-24 01:21,534.49,PCR-123-08011851
PCR,2026-08-01,B,1,false,false,184,GT 2267 ROYL HYU,215/60 R17 UX ROYALE HYUNDAI (+9 SKUs),R17,R17,1325221417096HURL0,10,G::PCR::GT 2267 ROYL HYU,3676.0,3522.0,154.0,2026-08-01 18:51,2026-08-23 21:05,530.24,PCR-184-08011851
PCR,2026-08-01,B,1,false,false,185,GT 2267 ROYL HYU,215/60 R17 UX ROYALE HYUNDAI (+9 SKUs),R17,R17,1325221417096HURL0,10,G::PCR::GT 2267 ROYL HYU,3676.0,3522.0,154.0,2026-08-01 18:51,2026-08-23 21:05,530.24,PCR-185-08011851
PCR,2026-08-01,B,1,false,false,187,GT 1765 ROYL,175/65 R15 UX ROYALE (+5 SKUs),R15,R15,1325217515084HURL2,6,G::PCR::GT 1765 ROYL,2536.0,2218.0,318.0,2026-08-01 18:51,2026-08-16 00:54,342.05,PCR-187-08011851
PCR,2026-08-01,B,1,false,false,192,GT 1995 ROYL KIA,195/65R15 UX ROYALE (+10 SKUs),R15,R15,1325219515091HURL2,11,G::PCR::GT 1965 ROYL,2830.0,2830.0,0.0,2026-08-01 18:51,2026-08-17 16:33,381.7,PCR-192-08011851
PCR,2026-08-01,B,1,false,false,195,GT 2158 ROYL HYU,215/55R18 UX ROYALE (+1 SKUs),R18,R18,1325221318095HURL0,2,G::PCR::GT 2158 ROYL HYU,3281.0,3281.0,0.0,2026-08-01 18:51,2026-08-24 16:56,550.09,PCR-195-08011851
PCR,2026-08-01,B,1,false,false,198,GT 1995 ROYL KIA,195/65R15 UX ROYALE (+10 SKUs),R15,R15,1325219515091HURL2,11,G::PCR::GT 1965 ROYL,2830.0,2830.0,0.0,2026-08-01 18:51,2026-08-17 16:33,381.7,PCR-198-08011851
PCR,2026-08-01,B,1,false,false,203,GT 1503 NEO MSIL,155/80 R13 ULTIMA NEO MSIL (+6 SKUs),R13,R13,1325215813079TUNE3,7,G::PCR::GT 1503 NEO MSIL,4227.0,4227.0,0.0,2026-08-01 18:51,2026-08-24 01:21,534.49,PCR-203-08011851
PCR,2026-08-01,B,1,false,false,204,GT 2158 ROYL HYU,215/55R18 UX ROYALE (+1 SKUs),R18,R18,1325221318095HURL0,2,G::PCR::GT 2158 ROYL HYU,3061.0,3061.0,0.0,2026-08-01 18:51,2026-08-23 04:03,513.21,PCR-204-08011851
PCR,2026-08-01,B,1,false,false,205,GT 1583 NEO TATA,155/80 R13 ULTIMA NEO LRR (+2 SKUs),R13,R13,1325215813079TUNE5,3,G::PCR::GT 1583 NEO TATA,3663.0,3663.0,0.0,2026-08-01 18:51,2026-08-24 12:22,545.52,PCR-205-08011851
PCR,2026-08-01,B,1,false,false,206,GT 1513 XPC1 MSIL,155 R13 C ULTIMA XPC1 90/89 S TL (MSIL) (+1 SKUs),R13,R13,1D25215013008SXC10,2,G::PCR::GT 1513 XPC1 MSIL,3121.0,2964.0,157.0,2026-08-01 18:51,2026-08-23 14:07,523.27,PCR-206-08011851
PCR,2026-08-01,B,1,false,false,207,GT 1402 XPC TATA,145 R12 ULTIMA XPC TL TATA (+14 SKUs),R12,R12,1D25214012008QXPCT,15,G::PCR::GT 1402 XPC TATA,2842.0,2842.0,0.0,2026-08-01 18:51,2026-08-24 09:53,543.04,PCR-207-08011851
PCR,2026-08-01,B,1,false,false,208,GT 1765 ROYL,175/65 R15 UX ROYALE (+5 SKUs),R15,R15,1325217515084HURL2,6,G::PCR::GT 1765 ROYL,2536.0,2218.0,318.0,2026-08-01 18:51,2026-08-16 00:54,342.05,PCR-208-08011851
PCR,2026-08-01,B,1,false,false,210,GT 2267 ROYL HYU,215/60 R17 UX ROYALE HYUNDAI (+9 SKUs),R17,R17,1325221417096HURL0,10,G::PCR::GT 2267 ROYL HYU,2400.0,2400.0,0.0,2026-08-01 18:51,2026-08-16 05:02,346.18,PCR-210-08011851
PCR,2026-08-01,B,1,false,false,211,GT 1402 XPC TATA,145 R12 ULTIMA XPC TL TATA (+14 SKUs),R12,R12,1D25214012008QXPCT,15,G::PCR::GT 1402 XPC TATA,2842.0,2842.0,0.0,2026-08-01 18:51,2026-08-24 09:53,543.04,PCR-211-08011851
PCR,2026-08-01,B,1,false,false,212,GT 2267 ROYL HYU,215/60 R17 UX ROYALE HYUNDAI (+9 SKUs),R17,R17,1325221417096HURL0,10,G::PCR::GT 2267 ROYL HYU,2400.0,2400.0,0.0,2026-08-01 18:51,2026-08-16 05:02,346.18,PCR-212-08011851
PCR,2026-08-01,B,1,false,false,232,GT 2267 ROYL HYU,215/60 R17 UX ROYALE HYUNDAI (+9 SKUs),R17,R17,1325221417096HURL0,10,G::PCR::GT 2267 ROYL HYU,2400.0,2400.0,0.0,2026-08-01 18:51,2026-08-16 05:02,346.18,PCR-232-08011851
PCR,2026-08-01,B,1,false,false,233,GT 2267 ROYL HYU,215/60 R17 UX ROYALE HYUNDAI (+9 SKUs),R17,R17,1325221417096HURL0,10,G::PCR::GT 2267 ROYL HYU,2400.0,2400.0,0.0,2026-08-01 18:51,2026-08-16 05:02,346.18,PCR-233-08011851
PCR,2026-08-01,B,1,false,false,235,GT 1503 NEO MSIL,155/80 R13 ULTIMA NEO MSIL (+6 SKUs),R13,R13,1325215813079TUNE3,7,G::PCR::GT 1503 NEO MSIL,2760.0,2760.0,0.0,2026-08-01 18:51,2026-08-16 07:51,348.99,PCR-235-08011851
PCR,2026-08-01,B,1,false,false,25,GT 1503 NEO MSIL,155/80 R13 ULTIMA NEO MSIL (+6 SKUs),R13,R13,1325215813079TUNE3,7,G::PCR::GT 1503 NEO MSIL,2760.0,2760.0,0.0,2026-08-01 18:51,2026-08-16 07:51,348.99,PCR-25-08011851
PCR,2026-08-01,B,1,false,false,259,GT 1503 NEO MSIL,155/80 R13 ULTIMA NEO MSIL (+6 SKUs),R13,R13,1325215813079TUNE3,7,G::PCR::GT 1503 NEO MSIL,2760.0,2760.0,0.0,2026-08-01 18:51,2026-08-16 07:51,348.99,PCR-259-08011851
PCR,2026-08-01,B,1,false,false,26,GT 1773 NEO,175/70 R13 ULTIMA NEO,R13,R13,1325217613082TUNE0,1,G::PCR::GT 1773 NEO,4059.0,4059.0,0.0,2026-08-01 18:51,2026-08-23 19:18,528.46,PCR-26-08011851
PCR,2026-08-01,B,1,false,false,27,GT 1673 NEO,165/70 R13 ULTIMA NEO,R13,R13,1325216613079HUNE0,1,G::PCR::GT 1673 NEO,2775.0,2775.0,0.0,2026-08-01 18:51,2026-08-16 20:08,361.29,PCR-27-08011851
PCR,2026-08-01,B,1,false,false,28,GT 1503 NEO MSIL,155/80 R13 ULTIMA NEO MSIL (+6 SKUs),R13,R13,1325215813079TUNE3,7,G::PCR::GT 1503 NEO MSIL,2760.0,2760.0,0.0,2026-08-01 18:51,2026-08-16 07:51,348.99,PCR-28-08011851
PCR,2026-08-01,B,1,false,false,286,GT 1513 XPC1 MSIL,155 R13 C ULTIMA XPC1 90/89 S TL (MSIL) (+1 SKUs),R13,R13,1D25215013008SXC10,2,G::PCR::GT 1513 XPC1 MSIL,2038.0,2038.0,0.0,2026-08-01 18:51,2026-08-16 00:32,341.69,PCR-286-08011851
PCR,2026-08-01,B,1,false,false,287,GT 2568 RAN AT,255/65 R18 RANGER AT,R18,R18,1325225518111HRAT0,1,G::PCR::GT 2568 RAN AT,2535.0,2535.0,0.0,2026-08-01 18:51,2026-08-19 11:52,425.02,PCR-287-08011851
PCR,2026-08-01,B,1,false,false,29,GT1564 NEO,155/65 R14 ULTIMA NEO,R14,R14,1325215514075TUNE0,1,G::PCR::GT1564 NEO,2981.0,2981.0,0.0,2026-08-01 18:51,2026-08-18 10:08,399.28,PCR-29-08011851
PCR,2026-08-01,B,1,false,false,295,GT1914 XPC1,195 R14 ULTIMA XPC1,"",(no rim),1D25219Z14008SXC10,1,G::PCR::GT1914 XPC1,2370.0,2370.0,0.0,2026-08-01 18:51,2026-08-19 17:30,430.65,PCR-295-08011851
PCR,2026-08-01,B,1,false,false,296,GT1915 LT XPC1,195 R15 ULTIMA XPC1,"",R15,1225219Z15008SXC10,1,G::PCR::GT1915 LT XPC1,2098.0,2098.0,0.0,2026-08-01 18:51,2026-08-19 17:12,430.35,PCR-296-08011851
PCR,2026-08-01,B,1,false,false,297,GT 1513 XPC1 MSIL,155 R13 C ULTIMA XPC1 90/89 S TL (MSIL) (+1 SKUs),R13,R13,1D25215013008SXC10,2,G::PCR::GT 1513 XPC1 MSIL,2038.0,1881.0,157.0,2026-08-01 18:51,2026-08-16 00:32,341.69,PCR-297-08011851
PCR,2026-08-01,B,1,false,false,30,GT 1894 MAX,185/70 R14 TAXIMAX (+6 SKUs),R14,R14,1325218614088TTMX0,7,G::PCR::GT 1894 MAX,2744.0,2744.0,0.0,2026-08-01 18:51,2026-08-16 23:49,364.96,PCR-30-08011851
PCR,2026-08-01,B,1,false,false,307,GT 2476 SUP MM,245/75 R16 ELANZO SUPRA,"",R16,1325224716111SELS0,1,G::PCR::GT 2476 SUP MM,2123.0,2123.0,0.0,2026-08-01 18:51,2026-08-16 04:51,346.0,PCR-307-08011851
PCR,2026-08-01,B,1,false,false,308,GT 1995 ROYL KIA,195/65R15 UX ROYALE (+10 SKUs),R15,R15,1325219515091HURL2,11,G::PCR::GT 1965 ROYL,1932.0,1932.0,0.0,2026-08-01 18:51,2026-08-12 15:26,260.58,PCR-308-08011851
PCR,2026-08-01,B,1,false,false,309,GT 2476 SUP MM,245/75 R16 ELANZO SUPRA,"",R16,1325224716111SELS0,1,G::PCR::GT 2476 SUP MM,2123.0,2123.0,0.0,2026-08-01 18:51,2026-08-16 04:51,346.0,PCR-309-08011851
PCR,2026-08-01,B,1,false,false,31,GT 1583 NEO TATA,155/80 R13 ULTIMA NEO LRR (+2 SKUs),R13,R13,1325215813079TUNE5,3,G::PCR::GT 1583 NEO TATA,2307.0,2307.0,0.0,2026-08-01 18:51,2026-08-16 02:25,343.57,PCR-31-08011851
PCR,2026-08-01,B,1,false,false,310,GT 2476 SUP MM,245/75 R16 ELANZO SUPRA,"",R16,1325224716111SELS0,1,G::PCR::GT 2476 SUP MM,2123.0,2123.0,0.0,2026-08-01 18:51,2026-08-16 04:51,346.0,PCR-310-08011851
PCR,2026-08-01,B,1,false,false,311,GT 1995 ROYL KIA,195/65R15 UX ROYALE (+10 SKUs),R15,R15,1325219515091HURL2,11,G::PCR::GT 1965 ROYL,1932.0,1932.0,0.0,2026-08-01 18:51,2026-08-12 15:26,260.58,PCR-311-08011851
PCR,2026-08-01,B,1,false,false,313,GT 1965 ROYL,195/65 R 15 UX ROYALE 91 H,R15,(no rim),1325219515091HURL3,1,G::PCR::GT 1965 ROYL,1324.0,661.0,663.0,2026-08-01 18:51,2026-08-09 05:26,178.58,PCR-313-08011851
PCR,2026-08-01,B,1,false,false,32,GT 1583 NEO TATA,155/80 R13 ULTIMA NEO LRR (+2 SKUs),R13,R13,1325215813079TUNE5,3,G::PCR::GT 1583 NEO TATA,2307.0,2307.0,0.0,2026-08-01 18:51,2026-08-16 02:25,343.57,PCR-32-08011851
PCR,2026-08-01,B,1,false,false,33,GT1513 NEO,155/65 R 13 ULTIMA NEO,R13,(no rim),1325215513073TUNE0,1,G::PCR::GT1513 NEO,3158.0,3158.0,0.0,2026-08-01 18:51,2026-08-18 22:00,411.15,PCR-33-08011851
PCR,2026-08-01,B,1,false,false,34,GT 1513 XPC1 MSIL,155 R13 C ULTIMA XPC1 90/89 S TL (MSIL) (+1 SKUs),R13,R13,1D25215013008SXC10,2,G::PCR::GT 1513 XPC1 MSIL,2038.0,2038.0,0.0,2026-08-01 18:51,2026-08-16 00:32,341.69,PCR-34-08011851
PCR,2026-08-01,B,1,false,false,35,GT 1773 NEO,175/70 R13 ULTIMA NEO,R13,R13,1325217613082TUNE0,1,G::PCR::GT 1773 NEO,2558.0,2256.0,302.0,2026-08-01 18:51,2026-08-15 15:53,333.04,PCR-35-08011851
PCR,2026-08-01,B,1,false,false,36,GT 1513 XPC1 MSIL,155 R13 C ULTIMA XPC1 90/89 S TL (MSIL) (+1 SKUs),R13,R13,1D25215013008SXC10,2,G::PCR::GT 1513 XPC1 MSIL,2038.0,2038.0,0.0,2026-08-01 18:51,2026-08-16 00:32,341.69,PCR-36-08011851
PCR,2026-08-01,B,1,false,false,37,GT 1513 XPC1 MSIL,155 R13 C ULTIMA XPC1 90/89 S TL (MSIL) (+1 SKUs),R13,R13,1D25215013008SXC10,2,G::PCR::GT 1513 XPC1 MSIL,2038.0,2038.0,0.0,2026-08-01 18:51,2026-08-16 00:32,341.69,PCR-37-08011851
PCR,2026-08-01,B,1,false,false,38,GT 1513 XPC1 MSIL,155 R13 C ULTIMA XPC1 90/89 S TL (MSIL) (+1 SKUs),R13,R13,1D25215013008SXC10,2,G::PCR::GT 1513 XPC1 MSIL,2038.0,2038.0,0.0,2026-08-01 18:51,2026-08-16 00:32,341.69,PCR-38-08011851
PCR,2026-08-01,B,1,false,false,39,GT 1503 NEO MSIL,155/80 R13 ULTIMA NEO MSIL (+6 SKUs),R13,R13,1325215813079TUNE3,7,G::PCR::GT 1503 NEO MSIL,1885.0,1885.0,0.0,2026-08-01 18:51,2026-08-11 17:12,238.35,PCR-39-08011851
PCR,2026-08-01,B,1,false,false,43,GT 1503 NEO MSIL,155/80 R13 ULTIMA NEO MSIL (+6 SKUs),R13,R13,1325215813079TUNE3,7,G::PCR::GT 1503 NEO MSIL,1885.0,1885.0,0.0,2026-08-01 18:51,2026-08-11 17:12,238.35,PCR-43-08011851
PCR,2026-08-01,B,1,false,false,45,GT 2076 RAN HT,205/60 R16 RANGER HT,R16,(no rim),1325220416092HRHT0,1,G::PCR::GT 2076 RAN HT,1892.0,1734.0,158.0,2026-08-01 18:51,2026-08-12 18:54,264.05,PCR-45-08011851
PCR,2026-08-01,B,1,false,false,46,GT 2455 RAN A/T,215/75 R15 RANGER AT,R15,R15,1325221715100SRAT0,1,G::PCR::GT 2455 RAN A/T,2039.0,2039.0,0.0,2026-08-01 18:51,2026-08-16 00:43,341.86,PCR-46-08011851
PCR,2026-08-01,B,1,false,false,47,GT 1402 XPC TATA,145 R12 ULTIMA XPC TL TATA (+14 SKUs),R12,R12,1D25214012008QXPCT,15,G::PCR::GT 1402 XPC TATA,1856.0,1856.0,0.0,2026-08-01 18:51,2026-08-16 13:29,354.64,PCR-47-08011851
PCR,2026-08-01,B,1,false,false,48,GT 1402 XPC TATA,145 R12 ULTIMA XPC TL TATA (+14 SKUs),R12,R12,1D25214012008QXPCT,15,G::PCR::GT 1402 XPC TATA,1856.0,1856.0,0.0,2026-08-01 18:51,2026-08-16 13:29,354.64,PCR-48-08011851
PCR,2026-08-01,B,1,false,false,50,GT 1925 XPC1,195 R15 ULTIMA XPC1 AL,R15,R15,1225219Z15008SXC11,1,G::PCR::GT 1905 XPC1,1509.0,1509.0,0.0,2026-08-01 18:51,2026-08-16 10:47,351.94,PCR-50-08011851
PCR,2026-08-09,A,9,false,false,313,GT 1995 ROYL KIA,195/65R15 UX ROYALE (+10 SKUs),R15,R15,1325219515091HURL2,11,G::PCR::GT 1965 ROYL,1290.0,1290.0,0.0,2026-08-09 12:26,2026-08-16 18:25,173.99,PCR-313-08091226
PCR,2026-08-11,B,11,false,false,39,GT 1503 NEO MSIL,155/80 R13 ULTIMA NEO MSIL (+6 SKUs),R13,R13,1325215813079TUNE3,7,G::PCR::GT 1503 NEO MSIL,1885.0,1885.0,0.0,2026-08-11 17:12,2026-08-21 15:33,238.35,PCR-39-08111712
PCR,2026-08-11,B,11,false,false,43,GT 1765 ROYL,175/65 R15 UX ROYALE (+5 SKUs),R15,R15,1325217515084HURL2,6,G::PCR::GT 1765 ROYL,1731.0,1731.0,0.0,2026-08-11 21:42,2026-08-21 15:11,233.47,PCR-43-08112142
PCR,2026-08-11,C,11,false,false,49,GT 2476 SUP MM,245/75 R16 ELANZO SUPRA,"",R16,1325224716111SELS0,1,G::PCR::GT 2476 SUP MM,1450.0,1450.0,0.0,2026-08-12 00:27,2026-08-21 20:46,236.32,PCR-49-08120027
PCR,2026-08-12,B,12,false,false,308,GT 1995 ROYL KIA,195/65R15 UX ROYALE (+10 SKUs),R15,R15,1325219515091HURL2,11,G::PCR::GT 1965 ROYL,1290.0,1290.0,0.0,2026-08-12 15:26,2026-08-19 21:25,173.99,PCR-308-08121526
PCR,2026-08-12,B,12,false,false,311,GT 1765 ROYL,175/65 R15 UX ROYALE (+5 SKUs),R15,R15,1325217515084HURL2,6,G::PCR::GT 1765 ROYL,1156.0,1156.0,0.0,2026-08-12 22:26,2026-08-19 10:21,155.92,PCR-311-08122226
PCR,2026-08-12,C,12,false,false,45,GT 1402 XPC TATA,145 R12 ULTIMA XPC TL TATA (+14 SKUs),R12,R12,1D25214012008QXPCT,15,G::PCR::GT 1402 XPC TATA,1856.0,1856.0,0.0,2026-08-12 23:24,2026-08-27 18:02,354.64,PCR-45-08122324
PCR,2026-08-14,B,14,false,false,44,GT 1402 XPC TATA,145 R12 ULTIMA XPC TL TATA (+14 SKUs),R12,R12,1D25214012008QXPCT,15,G::PCR::GT 1402 XPC TATA,1856.0,1856.0,0.0,2026-08-14 20:44,2026-08-29 15:22,354.64,PCR-44-08142044
PCR,2026-08-15,C,15,false,false,35,GT 1513 XPC1 MSIL,155 R13 C ULTIMA XPC1 90/89 S TL (MSIL) (+1 SKUs),R13,R13,1D25215013008SXC10,2,G::PCR::GT 1513 XPC1 MSIL,2038.0,2038.0,0.0,2026-08-15 23:03,2026-08-30 04:45,341.69,PCR-35-08152303
PCR,2026-08-15,C,15,false,false,286,GT 1513 XPC1 MSIL,155 R13 C ULTIMA XPC1 90/89 S TL (MSIL) (+1 SKUs),R13,R13,1D25215013008SXC10,2,G::PCR::GT 1513 XPC1 MSIL,2038.0,2038.0,0.0,2026-08-16 00:32,2026-08-30 06:14,341.69,PCR-286-08160032
PCR,2026-08-15,C,15,false,false,34,GT 1513 XPC1 MSIL,155 R13 C ULTIMA XPC1 90/89 S TL (MSIL) (+1 SKUs),R13,R13,1D25215013008SXC10,2,G::PCR::GT 1513 XPC1 MSIL,1392.0,1392.0,0.0,2026-08-16 00:32,2026-08-25 17:55,233.38,PCR-34-08160032
PCR,2026-08-15,C,15,false,false,36,GT 1513 XPC1 MSIL,155 R13 C ULTIMA XPC1 90/89 S TL (MSIL) (+1 SKUs),R13,R13,1D25215013008SXC10,2,G::PCR::GT 1513 XPC1 MSIL,1392.0,1235.0,157.0,2026-08-16 00:32,2026-08-25 17:55,233.38,PCR-36-08160032
PCR,2026-08-15,C,15,false,false,37,GT 1513 XPC1 MSIL,155 R13 C ULTIMA XPC1 90/89 S TL (MSIL) (+1 SKUs),R13,R13,1D25215013008SXC10,2,G::PCR::GT 1513 XPC1 MSIL,1392.0,1359.0,33.0,2026-08-16 00:32,2026-08-25 17:55,233.38,PCR-37-08160032
PCR,2026-08-15,C,15,false,false,38,GT 1513 XPC1 MSIL,155 R13 C ULTIMA XPC1 90/89 S TL (MSIL) (+1 SKUs),R13,R13,1D25215013008SXC10,2,G::PCR::GT 1513 XPC1 MSIL,1392.0,1392.0,0.0,2026-08-16 00:32,2026-08-25 17:55,233.38,PCR-38-08160032
PCR,2026-08-15,C,15,false,false,52,GT 1634 XPC TATA,165 R14 ULTIMA XPC TATA TL (+5 SKUs),R14,R14,1D25216814008QXPC0,6,G::PCR::GT 1634 XPC TATA,2000.0,2000.0,0.0,2026-08-16 01:03,2026-08-30 19:06,354.05,PCR-52-08160103
PCR,2026-08-15,C,15,false,false,31,GT 1583 NEO TATA,155/80 R13 ULTIMA NEO LRR (+2 SKUs),R13,R13,1325215813079TUNE5,3,G::PCR::GT 1583 NEO TATA,1575.0,1575.0,0.0,2026-08-16 02:25,2026-08-25 20:59,234.56,PCR-31-08160225
PCR,2026-08-15,C,15,false,false,307,GT 2476 SUP MM,245/75 R16 ELANZO SUPRA,"",R16,1325224716111SELS0,1,G::PCR::GT 2476 SUP MM,1450.0,1450.0,0.0,2026-08-16 04:51,2026-08-26 01:10,236.32,PCR-307-08160451
PCR,2026-08-15,C,15,false,false,309,GT 2476 SUP MM,245/75 R16 ELANZO SUPRA,"",R16,1325224716111SELS0,1,G::PCR::GT 2476 SUP MM,1450.0,1450.0,0.0,2026-08-16 04:51,2026-08-26 01:10,236.32,PCR-309-08160451
PCR,2026-08-15,C,15,false,false,210,GT 2267 ROYL HYU,215/60 R17 UX ROYALE HYUNDAI (+9 SKUs),R17,R17,1325221417096HURL0,10,G::PCR::GT 2267 ROYL HYU,1639.0,1639.0,0.0,2026-08-16 05:02,2026-08-26 01:27,236.41,PCR-210-08160502
PCR,2026-08-15,C,15,false,false,212,GT 2267 ROYL HYU,215/60 R17 UX ROYALE HYUNDAI (+9 SKUs),R17,R17,1325221417096HURL0,10,G::PCR::GT 2267 ROYL HYU,1639.0,1639.0,0.0,2026-08-16 05:02,2026-08-26 01:27,236.41,PCR-212-08160502
PCR,2026-08-15,C,15,false,false,232,GT 2267 ROYL HYU,215/60 R17 UX ROYALE HYUNDAI (+9 SKUs),R17,R17,1325221417096HURL0,10,G::PCR::GT 2267 ROYL HYU,1639.0,1639.0,0.0,2026-08-16 05:02,2026-08-26 01:27,236.41,PCR-232-08160502
PCR,2026-08-15,C,15,false,false,233,GT 2267 ROYL HYU,215/60 R17 UX ROYALE HYUNDAI (+9 SKUs),R17,R17,1325221417096HURL0,10,G::PCR::GT 2267 ROYL HYU,1094.0,1094.0,0.0,2026-08-16 05:02,2026-08-22 18:50,157.8,PCR-233-08160502
PCR,2026-08-15,C,15,false,false,46,GT 1482 UHL,145/80 R 12 ULTIMA HI LIFE TL (+13 SKUs),R12,R12,1325214812074TUHL0,14,G::PCR::GT 1482 UHL,1744.0,1744.0,0.0,2026-08-16 05:13,2026-08-27 00:56,259.73,PCR-46-08160513
PCR,2026-08-15,C,15,false,false,297,GT 2158 ROYL HYU,215/55R18 UX ROYALE (+1 SKUs),R18,R18,1325221318095HURL0,2,G::PCR::GT 2158 ROYL HYU,1998.0,1998.0,0.0,2026-08-16 06:32,2026-08-30 05:31,334.98,PCR-297-08160632
PCR,2026-08-15,C,15,false,false,187,GT 1975 UX1 EXP,195/60 R15 UX1 EXP,R15,(no rim),1325219415092VUX10,1,G::PCR::GT 1975 UX1 EXP,2065.0,2065.0,0.0,2026-08-16 06:54,2026-08-27 21:25,278.52,PCR-187-08160654
PCR,2026-08-15,C,15,false,false,208,GT 2158 ROYL HYU,215/55R18 UX ROYALE (+1 SKUs),R18,R18,1325221318095HURL0,2,G::PCR::GT 2158 ROYL HYU,1998.0,1998.0,0.0,2026-08-16 06:54,2026-08-30 05:53,334.98,PCR-208-08160654
PCR,2026-08-16,A,16,false,false,53,GT 1844 XPC TML,185 R14 ULTIMA XPC 10 PR (+1 SKUs),R14,R14,1D25218014010RXPCT,2,G::PCR::GT 1844 XPC TML,1806.0,1515.0,291.0,2026-08-16 08:59,2026-08-31 10:59,362.0,PCR-53-08160859
PCR,2026-08-16,A,16,false,false,234,GT 2568 HT2,255/65 R 18 Ranger HT2 111 H,R18,R18,1325225518111HRHB0,1,G::PCR::GT 2568 HT2,1562.0,1409.0,153.0,2026-08-16 09:10,2026-08-26 16:25,247.25,PCR-234-08160910
PCR,2026-08-16,A,16,false,false,32,GT 1513 XPC1 MSIL,155 R13 C ULTIMA XPC1 90/89 S TL (MSIL) (+1 SKUs),R13,R13,1D25215013008SXC10,2,G::PCR::GT 1513 XPC1 MSIL,1392.0,1392.0,0.0,2026-08-16 09:35,2026-08-26 02:58,233.38,PCR-32-08160935
PCR,2026-08-16,A,16,false,false,298,GT 1844 UXT,185/65 R14 UX TOURING (+1 SKUs),R14,(no rim),1325218514086HUTR0,2,G::PCR::GT 1844 UXT,1545.0,1545.0,0.0,2026-08-16 09:38,2026-08-24 12:59,195.36,PCR-298-08160938
PCR,2026-08-16,A,16,false,false,50,GT 1925 XPC1,195 R15 ULTIMA XPC1 AL,R15,R15,1225219Z15008SXC11,1,G::PCR::GT 1905 XPC1,1509.0,1509.0,0.0,2026-08-16 10:47,2026-08-31 02:43,351.94,PCR-50-08161047
PCR,2026-08-16,A,16,false,false,310,GT1915 LT XPC1,195 R15 ULTIMA XPC1,"",R15,1225219Z15008SXC10,1,G::PCR::GT1915 LT XPC1,1357.0,1357.0,0.0,2026-08-16 11:51,2026-08-28 02:12,278.36,PCR-310-08161151
PCR,2026-08-16,A,16,false,false,48,GT 1402 XPC TATA,145 R12 ULTIMA XPC TL TATA (+14 SKUs),R12,R12,1D25214012008QXPCT,15,G::PCR::GT 1402 XPC TATA,1267.0,1267.0,0.0,2026-08-16 13:29,2026-08-26 15:35,242.09,PCR-48-08161329
PCR,2026-08-16,A,16,false,false,235,GT 2258 RAN HPE,225/55 R 18 Ranger Hpe (+1 SKUs),R 18,R18,1325222318098HRHE0,2,G::PCR::GT 2258 RAN HPE,1538.0,1538.0,0.0,2026-08-16 13:51,2026-08-26 17:18,243.45,PCR-235-08161351
PCR,2026-08-16,A,16,false,false,259,GT 2568 HT2,255/65 R 18 Ranger HT2 111 H,R18,R18,1325225518111HRHB0,1,G::PCR::GT 2568 HT2,1562.0,1562.0,0.0,2026-08-16 13:51,2026-08-26 21:06,247.25,PCR-259-08161351
PCR,2026-08-16,B,16,false,false,25,GT 1513 XPC1 MSIL,155 R13 C ULTIMA XPC1 90/89 S TL (MSIL) (+1 SKUs),R13,R13,1D25215013008SXC10,2,G::PCR::GT 1513 XPC1 MSIL,1392.0,1392.0,0.0,2026-08-16 15:01,2026-08-26 08:24,233.38,PCR-25-08161501
PCR,2026-08-16,B,16,false,false,28,GT 1513 XPC1 MSIL,155 R13 C ULTIMA XPC1 90/89 S TL (MSIL) (+1 SKUs),R13,R13,1D25215013008SXC10,2,G::PCR::GT 1513 XPC1 MSIL,1392.0,1392.0,0.0,2026-08-16 15:01,2026-08-26 08:24,233.38,PCR-28-08161501
PCR,2026-08-16,B,16,false,false,47,GT 1482 UHL,145/80 R 12 ULTIMA HI LIFE TL (+13 SKUs),R12,R12,1325214812074TUHL0,14,G::PCR::GT 1482 UHL,1744.0,1744.0,0.0,2026-08-16 17:59,2026-08-27 13:43,259.73,PCR-47-08161759
PCR,2026-08-16,B,16,false,false,23,GT 1672 SPT,165/70R12 ULTIMA SPORTS,"",(no rim),1325216612077TUSP0,1,G::PCR::GT 1672 SPT,2035.0,1721.0,314.0,2026-08-16 18:20,2026-08-28 14:20,284.0,PCR-23-08161820
PCR,2026-08-16,B,16,false,false,313,GT 1995 ROYL KIA,195/65R15 UX ROYALE (+10 SKUs),R15,R15,1325219515091HURL2,11,G::PCR::GT 1965 ROYL,774.0,774.0,0.0,2026-08-16 18:25,2026-08-21 02:49,104.39,PCR-313-08161825
PCR,2026-08-16,B,16,false,false,42,GT1564 NEO,155/65 R14 ULTIMA NEO,R14,R14,1325215514075TUNE0,1,G::PCR::GT1564 NEO,1357.0,1357.0,0.0,2026-08-16 21:54,2026-08-24 11:39,181.76,PCR-42-08162154
PCR,2026-08-16,C,16,false,false,27,GT 1634 XPC TATA,165 R14 ULTIMA XPC TATA TL (+5 SKUs),R14,R14,1D25216814008QXPC0,6,G::PCR::GT 1634 XPC TATA,1365.0,1365.0,0.0,2026-08-17 03:18,2026-08-27 04:57,241.64,PCR-27-08170318
PCR,2026-08-16,C,16,false,false,24,GT 1402 XPC TATA,145 R12 ULTIMA XPC TL TATA (+14 SKUs),R12,R12,1D25214012008QXPCT,15,G::PCR::GT 1402 XPC TATA,1267.0,1267.0,0.0,2026-08-17 06:42,2026-08-27 08:48,242.09,PCR-24-08170642
PCR,2026-08-16,C,16,false,false,30,GT 1773 NEO,175/70 R13 ULTIMA NEO,R13,R13,1325217613082TUNE0,1,G::PCR::GT 1773 NEO,1747.0,1747.0,0.0,2026-08-17 06:59,2026-08-26 18:26,227.45,PCR-30-08170659
PCR,2026-08-17,A,17,false,false,41,GT 1402 XPC TATA,145 R12 ULTIMA XPC TL TATA (+14 SKUs),R12,R12,1D25214012008QXPCT,15,G::PCR::GT 1402 XPC TATA,1267.0,1267.0,0.0,2026-08-17 07:42,2026-08-27 09:48,242.09,PCR-41-08170742
PCR,2026-08-17,B,17,false,false,192,GT 1765 ROYL,175/65 R15 UX ROYALE (+5 SKUs),R15,R15,1325217515084HURL2,6,G::PCR::GT 1765 ROYL,1156.0,1156.0,0.0,2026-08-17 22:33,2026-08-24 10:28,155.92,PCR-192-08172233
PCR,2026-08-17,B,17,false,false,198,GT 2267 ROYL HYU,215/60 R17 UX ROYALE HYUNDAI (+9 SKUs),R17,R17,1325221417096HURL0,10,G::PCR::GT 2267 ROYL HYU,1094.0,1094.0,0.0,2026-08-17 22:33,2026-08-24 12:21,157.8,PCR-198-08172233
PCR,2026-08-18,B,18,false,false,29,GT 1503 NEO MSIL,155/80 R13 ULTIMA NEO MSIL (+6 SKUs),R13,R13,1325215813079TUNE3,7,G::PCR::GT 1503 NEO MSIL,1258.0,1258.0,0.0,2026-08-18 17:18,2026-08-25 08:22,159.07,PCR-29-08181718
PCR,2026-08-18,B,18,false,false,236,GT2776 RAN AT,235/70 R16 105T RANGER AT,R16,R16,1325223616105TRAT0,1,G::PCR::GT2776 RAN AT,1087.0,927.0,160.0,2026-08-18 21:44,2026-08-26 22:09,192.43,PCR-236-08182144
PCR,2026-08-18,B,18,false,false,33,GT1513 NEO,155/65 R 13 ULTIMA NEO,R13,(no rim),1325215513073TUNE0,1,G::PCR::GT1513 NEO,1438.0,1438.0,0.0,2026-08-18 22:00,2026-08-26 17:13,187.22,PCR-33-08182200
PCR,2026-08-19,A,19,false,false,51,GT1814 XPC,185 R14 ULTIMA XPC (+1 SKUs),"",(no rim),1D25218Z14008QXPC0,2,G::PCR::GT 1844 XPC TML,1423.0,1546.0,0.0,2026-08-19 13:50,2026-09-01 07:00,305.151721220498,PCR-51-08191350
PCR,2026-08-19,B,19,false,false,311,GT 1995 ROYL KIA,195/65R15 UX ROYALE (+10 SKUs),R15,R15,1325219515091HURL2,11,G::PCR::GT 1965 ROYL,774.0,774.0,0.0,2026-08-19 17:21,2026-08-24 01:45,104.39,PCR-311-08191721
PCR,2026-08-19,B,19,false,false,295,GT1914 XPC1,195 R14 ULTIMA XPC1,"",(no rim),1D25219Z14008SXC10,1,G::PCR::GT1914 XPC1,1534.0,1534.0,0.0,2026-08-19 17:30,2026-08-31 08:15,278.74,PCR-295-08191730
PCR,2026-08-19,B,19,false,false,287,GT 2158 ROYL HYU,215/55R18 UX ROYALE (+1 SKUs),R18,R18,1325221318095HURL0,2,G::PCR::GT 2158 ROYL HYU,1365.0,1365.0,0.0,2026-08-19 17:52,2026-08-29 06:43,228.86,PCR-287-08191752
PCR,2026-08-19,C,19,false,false,296,GT 2575 RAN A/T,205/70 R15 C RANGER AT,R15,(no rim),1325220615106SRAT0,1,G::PCR::GT 2575 RAN A/T,1462.0,1462.0,0.0,2026-08-19 23:12,2026-08-30 04:19,245.12,PCR-296-08192312
PCR,2026-08-19,C,19,false,false,308,GT 1765 ROYL,175/65 R15 UX ROYALE (+5 SKUs),R15,R15,1325217515084HURL2,6,G::PCR::GT 1765 ROYL,693.0,693.0,0.0,2026-08-20 04:25,2026-08-24 01:54,93.47,PCR-308-08200425
PCR,2026-08-20,C,20,false,false,313,GT 1995 ROYL KIA,195/65R15 UX ROYALE (+10 SKUs),R15,R15,1325219515091HURL2,11,G::PCR::GT 1965 ROYL,400.0,400.0,0.0,2026-08-21 02:49,2026-08-23 08:46,53.95,PCR-313-08210249
PCR,2026-08-21,B,21,false,false,39,GT 1503 NEO MSIL,155/80 R13 ULTIMA NEO MSIL (+6 SKUs),R13,R13,1325215813079TUNE3,7,G::PCR::GT 1503 NEO MSIL,1258.0,1258.0,0.0,2026-08-21 15:33,2026-08-28 06:38,159.07,PCR-39-08211533
PCR,2026-08-21,B,21,false,false,43,GT 1503 NEO MSIL,155/80 R13 ULTIMA NEO MSIL (+6 SKUs),R13,R13,1325215813079TUNE3,7,G::PCR::GT 1503 NEO MSIL,1258.0,1258.0,0.0,2026-08-21 19:41,2026-08-28 10:45,159.07,PCR-43-08211941
PCR,2026-08-21,C,21,false,false,49,GT  T1457 STAR,T145/70 R17 STAR XT (+2 SKUs),R17,R17,1325214617107MSXT0,3,G::PCR::GT  T1457 STAR,1066.0,906.0,160.0,2026-08-22 01:16,2026-08-29 02:00,168.74,PCR-49-08220116
PCR,2026-08-22,B,22,false,false,233,GT 2267 ROYL HYU,215/60 R17 UX ROYALE HYUNDAI (+9 SKUs),R17,R17,1325221417096HURL0,10,G::PCR::GT 2267 ROYL HYU,1094.0,1094.0,0.0,2026-08-22 18:50,2026-08-29 08:38,157.8,PCR-233-08221850
PCR,2026-08-22,C,22,false,false,188,GT 1513 XPC1 MSIL,155 R13 C ULTIMA XPC1 90/89 S TL (MSIL) (+1 SKUs),R13,R13,1D25215013008SXC10,2,G::PCR::GT 1513 XPC1 MSIL,929.0,929.0,0.0,2026-08-23 02:15,2026-08-29 14:01,155.76,PCR-188-08230215
PCR,2026-08-22,C,22,false,false,190,GT 1513 XPC1 MSIL,155 R13 C ULTIMA XPC1 90/89 S TL (MSIL) (+1 SKUs),R13,R13,1D25215013008SXC10,2,G::PCR::GT 1513 XPC1 MSIL,929.0,929.0,0.0,2026-08-23 02:15,2026-08-29 14:01,155.76,PCR-190-08230215
PCR,2026-08-22,C,22,false,false,204,GT 2158 ROYL HYU,215/55R18 UX ROYALE (+1 SKUs),R18,R18,1325221318095HURL0,2,G::PCR::GT 2158 ROYL HYU,1306.0,1365.0,0.0,2026-08-23 04:03,2026-09-01 07:00,218.93978326888205,PCR-204-08230403
PCR,2026-08-23,A,23,false,false,189,GT 2568 HT2,255/65 R 18 Ranger HT2 111 H,R18,R18,1325225518111HRHB0,1,G::PCR::GT 2568 HT2,1043.0,1043.0,0.0,2026-08-23 08:15,2026-08-30 05:21,165.1,PCR-189-08230815
PCR,2026-08-23,A,23,false,false,193,GT 1844 XPC TML,185 R14 ULTIMA XPC 10 PR (+1 SKUs),R14,R14,1D25218014010RXPCT,2,G::PCR::GT 1844 XPC TML,1071.0,1233.0,0.0,2026-08-23 08:15,2026-09-01 07:00,214.73878874524854,PCR-193-08230815
PCR,2026-08-23,A,23,false,false,196,GT 2267 ROYL HYU,215/60 R17 UX ROYALE HYUNDAI (+9 SKUs),R17,R17,1325221417096HURL0,10,G::PCR::GT 2267 ROYL HYU,1094.0,1094.0,0.0,2026-08-23 08:15,2026-08-29 22:04,157.8,PCR-196-08230815
PCR,2026-08-23,A,23,false,false,313,GT 1995 ROYL KIA,195/65R15 UX ROYALE (+10 SKUs),R15,R15,1325219515091HURL2,11,G::PCR::GT 1965 ROYL,400.0,400.0,0.0,2026-08-23 08:46,2026-08-25 14:43,53.95,PCR-313-08230846
PCR,2026-08-23,A,23,false,false,209,GT 2476 SUP MM,245/75 R16 ELANZO SUPRA,"",R16,1325224716111SELS0,1,G::PCR::GT 2476 SUP MM,968.0,968.0,0.0,2026-08-23 08:59,2026-08-29 22:45,157.76,PCR-209-08230859
PCR,2026-08-23,A,23,false,false,197,GT 2258 RAN HPE,225/55 R 18 Ranger Hpe (+1 SKUs),R 18,R18,1325222318098HRHE0,2,G::PCR::GT 2258 RAN HPE,1027.0,1027.0,0.0,2026-08-23 14:59,2026-08-30 09:33,162.57,PCR-197-08231459
PCR,2026-08-23,B,23,false,false,289,GT 1925 XPC1,195 R15 ULTIMA XPC1 AL,R15,R15,1225219Z15008SXC11,1,G::PCR::GT 1905 XPC1,879.0,875.0,155.0,2026-08-23 17:58,2026-09-01 07:00,205.01631464956517,PCR-289-08231758
PCR,2026-08-23,B,23,false,false,26,GT 1773 NEO,175/70 R13 ULTIMA NEO,R13,R13,1325217613082TUNE0,1,G::PCR::GT 1773 NEO,1166.0,1166.0,0.0,2026-08-23 19:18,2026-08-30 03:07,151.81,PCR-26-08231918
PCR,2026-08-23,B,23,false,false,206,GT 2668 RAN HTP,265/60 R18 RANGER HT,R18,(no rim),1325226418110HRHP0,1,G::PCR::GT 2668 RAN HTP,1062.0,1074.0,308.0,2026-08-23 20:07,2026-09-01 07:00,202.87832988126934,PCR-206-08232007
PCR,2026-08-23,C,23,false,false,123,GT 1503 NEO MSIL,155/80 R13 ULTIMA NEO MSIL (+6 SKUs),R13,R13,1325215813079TUNE3,7,G::PCR::GT 1503 NEO MSIL,1258.0,1258.0,0.0,2026-08-24 01:21,2026-08-30 16:25,159.07,PCR-123-08240121
PCR,2026-08-23,C,23,false,false,308,GT 1765 ROYL,175/65 R15 UX ROYALE (+5 SKUs),R15,R15,1325217515084HURL2,6,G::PCR::GT 1765 ROYL,359.0,359.0,0.0,2026-08-24 01:54,2026-08-26 02:19,48.42,PCR-308-08240154
PCR,2026-08-23,C,23,false,false,184,GT 1894 MAX,185/70 R14 TAXIMAX (+6 SKUs),R14,R14,1325218614088TTMX0,7,G::PCR::GT 1894 MAX,1249.0,1249.0,0.0,2026-08-24 03:05,2026-08-31 01:13,166.12,PCR-184-08240305
PCR,2026-08-23,C,23,false,false,185,GT 2476 SUP MM,245/75 R16 ELANZO SUPRA,"",R16,1325224716111SELS0,1,G::PCR::GT 2476 SUP MM,968.0,968.0,0.0,2026-08-24 03:05,2026-08-30 16:51,157.76,PCR-185-08240305
PCR,2026-08-23,C,23,false,false,124,GT 3125 RAN MT,31X10.5 R15 RANGER MT,R15,R15,1325231015109QRMT0,1,G::PCR::GT 3125 RAN MT,909.0,1180.0,0.0,2026-08-24 04:00,2026-09-01 07:00,194.98506378126368,PCR-124-08240400
PCR,2026-08-24,A,24,false,false,203,GT 1402 XPC TATA,145 R12 ULTIMA XPC TL TATA (+14 SKUs),R12,R12,1D25214012008QXPCT,15,G::PCR::GT 1402 XPC TATA,1003.0,1267.0,0.0,2026-08-24 07:21,2026-09-01 07:00,191.64668990538522,PCR-203-08240721
PCR,2026-08-24,A,24,false,false,311,GT 1765 ROYL,175/65 R15 UX ROYALE (+5 SKUs),R15,R15,1325217515084HURL2,6,G::PCR::GT 1765 ROYL,359.0,359.0,0.0,2026-08-24 08:45,2026-08-26 09:10,48.42,PCR-311-08240845
PCR,2026-08-24,A,24,false,false,205,GT 1583 NEO TATA,155/80 R13 ULTIMA NEO LRR (+2 SKUs),R13,R13,1325215813079TUNE5,3,G::PCR::GT 1583 NEO TATA,1052.0,1052.0,0.0,2026-08-24 12:22,2026-08-31 01:02,156.67,PCR-205-08241222
PCR,2026-08-24,B,24,false,false,207,GT 1513 XPC1 MSIL,155 R13 C ULTIMA XPC1 90/89 S TL (MSIL) (+1 SKUs),R13,R13,1D25215013008SXC10,2,G::PCR::GT 1513 XPC1 MSIL,929.0,929.0,0.0,2026-08-24 15:53,2026-08-31 03:39,155.76,PCR-207-08241553
PCR,2026-08-24,B,24,false,false,211,GT 1482 UHL,145/80 R 12 ULTIMA HI LIFE TL (+13 SKUs),R12,R12,1325214812074TUHL0,14,G::PCR::GT 1482 UHL,1164.0,1164.0,0.0,2026-08-24 15:53,2026-08-31 21:14,173.35,PCR-211-08241553
PCR,2026-08-24,B,24,false,false,42,GT 1482 UHL,145/80 R 12 ULTIMA HI LIFE TL (+13 SKUs),R12,R12,1325214812074TUHL0,14,G::PCR::GT 1482 UHL,1164.0,1164.0,0.0,2026-08-24 16:09,2026-08-31 21:30,173.35,PCR-42-08241609
PCR,2026-08-24,B,24,false,false,192,GT 2157 ROYL KIA,215/55R17 UX ROYALE 94V (+3 SKUs),R18,R17,1325221317094VURL0,4,G::PCR::GT 2157 ROYL KIA,734.0,734.0,0.0,2026-08-24 16:28,2026-08-29 09:13,112.75,PCR-192-08241628
PCR,2026-08-24,B,24,false,false,198,GT 2267 ROYL PG,215/60 R 17 UX ROYALE PUNCTURE GUARD,R17,R17,1325221417096HURP0,1,G::PCR::GT 2267 ROYL PG,818.0,818.0,0.0,2026-08-24 18:21,2026-08-29 16:21,117.99,PCR-198-08241821
PCR,2026-08-24,B,24,false,false,298,GT 2158 ROYL HYU,215/55R18 UX ROYALE (+1 SKUs),R18,R18,1325221318095HURL0,2,G::PCR::GT 2158 ROYL HYU,911.0,911.0,0.0,2026-08-24 18:59,2026-08-31 03:43,152.74,PCR-298-08241859
PCR,2026-08-24,B,24,false,false,195,GT1914 XPC1,195 R14 ULTIMA XPC1,"",(no rim),1D25219Z14008SXC10,1,G::PCR::GT1914 XPC1,969.0,1024.0,0.0,2026-08-24 22:56,2026-09-01 07:00,176.05,PCR-195-08242256
PCR,2026-08-24,C,24,false,false,194,GT 2476 SUP MM,245/75 R16 ELANZO SUPRA,"",R16,1325224716111SELS0,1,G::PCR::GT 2476 SUP MM,968.0,968.0,0.0,2026-08-25 03:22,2026-08-31 17:08,157.76,PCR-194-08250322
PCR,2026-08-25,A,25,false,false,288,GT 1925 XPC1,195 R15 ULTIMA XPC1 AL,R15,R15,1225219Z15008SXC11,1,G::PCR::GT 1905 XPC1,711.0,1019.0,0.0,2026-08-25 09:09,2026-09-01 07:00,165.83874082619474,PCR-288-08250909
PCR,2026-08-25,A,25,false,false,258,GT 1513 XPC1 MSIL,155 R13 C ULTIMA XPC1 90/89 S TL (MSIL) (+1 SKUs),R13,R13,1D25215013008SXC10,2,G::PCR::GT 1513 XPC1 MSIL,929.0,929.0,0.0,2026-08-25 11:28,2026-08-31 23:13,155.76,PCR-258-08251128
PCR,2026-08-25,A,25,false,false,126,GT 1844 XPC TML,185 R14 ULTIMA XPC 10 PR (+1 SKUs),R14,R14,1D25218014010RXPCT,2,G::PCR::GT 1844 XPC TML,813.0,823.0,0.0,2026-08-25 12:04,2026-09-01 07:00,162.91754471103897,PCR-126-08251204
PCR,2026-08-25,B,25,false,false,29,GT 1583 NEO TATA,155/80 R13 ULTIMA NEO LRR (+2 SKUs),R13,R13,1325215813079TUNE5,3,G::PCR::GT 1583 NEO TATA,1052.0,1052.0,0.0,2026-08-25 15:32,2026-09-01 04:12,156.67,PCR-29-08251532
PCR,2026-08-25,B,25,false,false,34,GT 1513 XPC1 MSIL,155 R13 C ULTIMA XPC1 90/89 S TL (MSIL) (+1 SKUs),R13,R13,1D25215013008SXC10,2,G::PCR::GT 1513 XPC1 MSIL,929.0,772.0,157.0,2026-08-25 17:55,2026-09-01 05:41,155.76,PCR-34-08251755
PCR,2026-08-25,B,25,false,false,38,GT 1513 XPC1 MSIL,155 R13 C ULTIMA XPC1 90/89 S TL (MSIL) (+1 SKUs),R13,R13,1D25215013008SXC10,2,G::PCR::GT 1513 XPC1 MSIL,929.0,615.0,314.0,2026-08-25 17:55,2026-09-01 05:41,155.76,PCR-38-08251755
PCR,2026-08-25,B,25,false,false,127,GT 1513 XPC1 MSIL,155 R13 C ULTIMA XPC1 90/89 S TL (MSIL) (+1 SKUs),R13,R13,1D25215013008SXC10,2,G::PCR::GT 1513 XPC1 MSIL,929.0,929.0,0.0,2026-08-25 18:10,2026-09-01 05:55,155.76,PCR-127-08251810
PCR,2026-08-25,B,25,false,false,186,GT 2476 SUP MM,245/75 R16 ELANZO SUPRA,"",R16,1325224716111SELS0,1,G::PCR::GT 2476 SUP MM,959.0,968.0,0.0,2026-08-25 18:41,2026-09-01 07:00,156.30667434354746,PCR-186-08251841
PCR,2026-08-25,C,25,false,false,40,GT2277 RAN HT,225/65 R17 RANGER HT,R17,(no rim),1325222517102HRHT0,1,G::PCR::GT2266 RAN HT,1017.0,1316.0,0.0,2026-08-25 23:33,2026-09-01 07:00,151.44325752529218,PCR-40-08252333
PCR,2026-08-25,C,25,false,false,36,GT 1673 NEO,165/70 R13 ULTIMA NEO,R13,R13,1325216613079HUNE0,1,G::PCR::GT 1673 NEO,1151.0,1263.0,0.0,2026-08-26 01:05,2026-09-01 07:00,149.8978927941564,PCR-36-08260105
PCR,2026-08-25,C,25,false,false,37,GT 1412 XPC MM,145 R12 ULTIMA XPC (+6 SKUs),"",R12,1D25114012008QXPC0,7,G::PCR::GT 1402 XPC TATA,920.0,857.0,171.0,2026-08-26 01:05,2026-09-01 07:00,149.90244151460186,PCR-37-08260105
PCR,2026-08-25,C,25,false,false,32,GT 1513 XPC1 MSIL,155 R13 C ULTIMA XPC1 90/89 S TL (MSIL) (+1 SKUs),R13,R13,1D25215013008SXC10,2,G::PCR::GT 1513 XPC1 MSIL,883.0,929.0,0.0,2026-08-26 02:58,2026-09-01 07:00,148.02283478384933,PCR-32-08260258
PCR,2026-08-25,C,25,false,false,31,GT 1402 XPC TATA,145 R12 ULTIMA XPC TL TATA (+14 SKUs),R12,R12,1D25214012008QXPCT,15,G::PCR::GT 1402 XPC TATA,768.0,846.0,0.0,2026-08-26 04:09,2026-09-01 07:00,146.84136344187277,PCR-31-08260409
PCR,2026-08-26,A,26,false,false,210,GT 2158 ROYL HYU,215/55R18 UX ROYALE (+1 SKUs),R18,R18,1325221318095HURL0,2,G::PCR::GT 2158 ROYL HYU,856.0,911.0,0.0,2026-08-26 07:27,2026-09-01 07:00,143.5440328740616,PCR-210-08260727
PCR,2026-08-26,A,26,false,false,212,GT 1402 XPC TATA,145 R12 ULTIMA XPC TL TATA (+14 SKUs),R12,R12,1D25214012008QXPCT,15,G::PCR::GT 1402 XPC TATA,751.0,846.0,0.0,2026-08-26 07:27,2026-09-01 07:00,143.54219110594067,PCR-212-08260727
PCR,2026-08-26,A,26,false,false,232,GT 2557 HPE KIA,215/55 R17 RANGER HPE,R17,(no rim),1325221317094VRHE3,1,G::PCR::GT 2557 HPE KIA,934.0,170.0,1022.0,2026-08-26 07:27,2026-09-01 07:00,143.53976682798063,PCR-232-08260727
PCR,2026-08-26,A,26,false,false,307,GT 1856 ROYL,185/55 R16 UX ROYALE,R16,(no rim),1325218316083HURL0,1,G::PCR::GT 1856 ROYL,714.0,714.0,0.0,2026-08-26 08:10,2026-08-31 11:13,123.05,PCR-307-08260810
PCR,2026-08-26,A,26,false,false,309,GT 2267 ROYL HYU,215/60 R17 UX ROYALE HYUNDAI (+9 SKUs),R17,R17,1325221417096HURL0,10,G::PCR::GT 2267 ROYL HYU,656.0,656.0,0.0,2026-08-26 08:10,2026-08-30 06:47,94.62,PCR-309-08260810
PCR,2026-08-26,B,26,false,false,25,GT 1402 XPC TATA,145 R12 ULTIMA XPC TL TATA (+14 SKUs),R12,R12,1D25214012008QXPCT,15,G::PCR::GT 1402 XPC TATA,709.0,846.0,0.0,2026-08-26 15:34,2026-09-01 07:00,135.43162161326188,PCR-25-08261534
PCR,2026-08-26,B,26,false,false,28,GT 1503 NEO MSIL,155/80 R13 ULTIMA NEO MSIL (+6 SKUs),R13,R13,1325215813079TUNE3,7,G::PCR::GT 1503 NEO MSIL,755.0,755.0,0.0,2026-08-26 15:34,2026-08-30 15:02,95.47,PCR-28-08261534
PCR,2026-08-26,B,26,false,false,48,GT 1402 XPC TATA,145 R12 ULTIMA XPC TL TATA (+14 SKUs),R12,R12,1D25214012008QXPCT,15,G::PCR::GT 1402 XPC TATA,709.0,846.0,0.0,2026-08-26 15:35,2026-09-01 07:00,135.4118993571491,PCR-48-08261535
PCR,2026-08-26,B,26,false,false,121,GT 1844 XPC TML,185 R14 ULTIMA XPC 10 PR (+1 SKUs),R14,R14,1D25218014010RXPCT,2,G::PCR::GT 1844 XPC TML,657.0,823.0,0.0,2026-08-26 19:23,2026-09-01 07:00,131.59795254508992,PCR-121-08261923
PCR,2026-08-26,B,26,false,false,234,GT 2455 RAN A/T,215/75 R15 RANGER AT,R15,R15,1325221715100SRAT0,1,G::PCR::GT 2455 RAN A/T,767.0,928.0,0.0,2026-08-26 22:25,2026-09-01 07:00,128.5735030243735,PCR-234-08262225
PCR,2026-08-26,C,26,false,false,235,GT 1503 NEO MSIL,155/80 R13 ULTIMA NEO MSIL (+6 SKUs),R13,R13,1325215813079TUNE3,7,G::PCR::GT 1503 NEO MSIL,754.0,754.0,0.0,2026-08-26 23:18,2026-08-30 22:38,95.34,PCR-235-08262318
PCR,2026-08-26,C,26,false,false,33,GT 1503 NEO MSIL,155/80 R13 ULTIMA NEO MSIL (+6 SKUs),R13,R13,1325215813079TUNE3,7,G::PCR::GT 1503 NEO MSIL,754.0,754.0,0.0,2026-08-27 00:23,2026-08-30 23:44,95.34,PCR-33-08270023
PCR,2026-08-26,C,26,false,false,30,GT 1634 XPC TATA,165 R14 ULTIMA XPC TATA TL (+5 SKUs),R14,R14,1D25216814008QXPC0,6,G::PCR::GT 1634 XPC TATA,708.0,911.0,0.0,2026-08-27 01:36,2026-09-01 07:00,125.39679024551565,PCR-30-08270136
PCR,2026-08-26,C,26,false,false,259,GT2266 RAN HT,215/65 R16 RANGER HT,R16,R16,1325221516098HRHT0,1,G::PCR::GT2266 RAN HT,888.0,939.0,0.0,2026-08-27 03:06,2026-09-01 07:00,123.89594430748947,PCR-259-08270306
PCR,2026-08-26,C,26,false,false,236,GT 2568 HT2,255/65 R 18 Ranger HT2 111 H,R18,R18,1325225518111HRHB0,1,G::PCR::GT 2568 HT2,625.0,625.0,0.0,2026-08-27 04:09,2026-08-31 07:05,98.93,PCR-236-08270409
PCR,2026-08-26,C,26,false,false,27,GT 1634 XPC TATA,165 R14 ULTIMA XPC TATA TL (+5 SKUs),R14,R14,1D25216814008QXPC0,6,G::PCR::GT 1634 XPC TATA,689.0,911.0,0.0,2026-08-27 04:57,2026-09-01 07:00,122.04569067853538,PCR-27-08270457
PCR,2026-08-26,C,26,false,false,46,GT  T1457 STAR,T145/70 R17 STAR XT (+2 SKUs),R17,R17,1325214617107MSXT0,3,G::PCR::GT  T1457 STAR,768.0,1066.0,0.0,2026-08-27 05:26,2026-09-01 07:00,121.55479989793652,PCR-46-08270526
PCR,2026-08-27,A,27,false,false,191,GT 2267 ROYL HYU,215/60 R17 UX ROYALE HYUNDAI (+9 SKUs),R17,R17,1325221417096HURL0,10,G::PCR::GT 2267 ROYL HYU,656.0,656.0,0.0,2026-08-27 09:59,2026-08-31 08:37,94.62,PCR-191-08270959
PCR,2026-08-27,A,27,false,false,119,GT1915 LT XPC1,195 R15 ULTIMA XPC1,"",R15,1225219Z15008SXC10,1,G::PCR::GT1915 LT XPC1,560.0,906.0,0.0,2026-08-27 12:13,2026-09-01 07:00,114.76710813767869,PCR-119-08271213
PCR,2026-08-27,A,27,false,false,24,GT 1482 UHL,145/80 R 12 ULTIMA HI LIFE TL (+13 SKUs),R12,R12,1325214812074TUHL0,14,G::PCR::GT 1482 UHL,698.0,698.0,0.0,2026-08-27 12:18,2026-08-31 20:15,103.95,PCR-24-08271218
PCR,2026-08-27,A,27,false,false,120,GT 2247 LEVI,225/45R17 LEVITAS 94 Y TL,R17,(no rim),1325222117094YLEV0,1,G::PCR::GT 2247 LEVI,679.0,358.0,358.0,2026-08-27 13:09,2026-09-01 07:00,113.84438172061672,PCR-120-08271309
PCR,2026-08-27,A,27,false,false,47,GT 1482 UHL,145/80 R 12 ULTIMA HI LIFE TL (+13 SKUs),R12,R12,1325214812074TUHL0,14,G::PCR::GT 1482 UHL,698.0,698.0,0.0,2026-08-27 13:43,2026-08-31 21:40,103.95,PCR-47-08271343
PCR,2026-08-27,A,27,false,false,41,GT 2267 ROYL HYU,215/60 R17 UX ROYALE HYUNDAI (+9 SKUs),R17,R17,1325221417096HURL0,10,G::PCR::GT 2267 ROYL HYU,656.0,656.0,0.0,2026-08-27 14:18,2026-08-31 12:55,94.62,PCR-41-08271418
PCR,2026-08-27,B,27,false,false,122,GT 1925 XPC1,195 R15 ULTIMA XPC1 AL,R15,R15,1225219Z15008SXC11,1,G::PCR::GT 1905 XPC1,477.0,688.0,0.0,2026-08-27 15:38,2026-09-01 07:00,111.3628233705531,PCR-122-08271538
PCR,2026-08-27,B,27,false,false,45,GT  T1457 STAR,T145/70 R17 STAR XT (+2 SKUs),R17,R17,1325214617107MSXT0,3,G::PCR::GT  T1457 STAR,640.0,640.0,0.0,2026-08-27 22:32,2026-09-01 03:51,101.31,PCR-45-08272232
PCR,2026-08-27,C,27,false,false,187,GT 2267 ROYL HYU,215/60 R17 UX ROYALE HYUNDAI (+9 SKUs),R17,R17,1325221417096HURL0,10,G::PCR::GT 2267 ROYL HYU,656.0,656.0,0.0,2026-08-28 03:25,2026-09-01 02:03,94.62,PCR-187-08280325
PCR,2026-08-27,C,27,false,false,39,GT 1503 NEO MSIL,155/80 R13 ULTIMA NEO MSIL (+6 SKUs),R13,R13,1325215813079TUNE3,7,G::PCR::GT 1503 NEO MSIL,754.0,754.0,0.0,2026-08-28 06:38,2026-09-01 05:58,95.34,PCR-39-08280638
PCR,2026-08-28,A,28,false,false,310,GT 1925 XPC1,195 R15 ULTIMA XPC1 AL,R15,R15,1225219Z15008SXC11,1,G::PCR::GT 1905 XPC1,402.0,688.0,0.0,2026-08-28 09:12,2026-09-01 07:00,93.78819638189216,PCR-310-08280912
PCR,2026-08-28,A,28,false,false,125,GT 1513 XPC1 MSIL,155 R13 C ULTIMA XPC1 90/89 S TL (MSIL) (+1 SKUs),R13,R13,1D25215013008SXC10,2,G::PCR::GT 1513 XPC1 MSIL,526.0,557.0,0.0,2026-08-28 14:53,2026-09-01 07:00,88.11950275142033,PCR-125-08281453
PCR,2026-08-28,B,28,false,false,43,GT 1583 NEO TATA,155/80 R13 ULTIMA NEO LRR (+2 SKUs),R13,R13,1325215813079TUNE5,3,G::PCR::GT 1583 NEO TATA,589.0,631.0,0.0,2026-08-28 15:15,2026-09-01 07:00,87.74322121424412,PCR-43-08281515
PCR,2026-08-28,B,28,false,false,23,GT 1452 XPC MM,145 R12 ULTIMA XPC M&M (+1 SKUs),R2,(no rim),1D25214012008QXPCM,2,G::PCR::GT 1402 XPC TATA,446.0,511.0,0.0,2026-08-28 17:50,2026-09-01 07:00,85.15798453493863,PCR-23-08281750
PCR,2026-08-28,C,28,false,false,49,GT 2476 SUP MM,245/75 R16 ELANZO SUPRA,"",R16,1325224716111SELS0,1,G::PCR::GT 2476 SUP MM,445.0,581.0,0.0,2026-08-29 06:30,2026-09-01 07:00,72.49230464590282,PCR-49-08290630
PCR,2026-08-29,A,29,false,false,233,GT 2267 ROYL HYU,215/60 R17 UX ROYALE HYUNDAI (+9 SKUs),R17,R17,1325221417096HURL0,10,G::PCR::GT 2267 ROYL HYU,340.0,340.0,0.0,2026-08-29 08:38,2026-08-31 09:41,49.04,PCR-233-08290838
PCR,2026-08-29,A,29,false,false,287,GT 2618 RAN ATB,255/65 R18 RANGER AT(BLACK SIDEWALL),R18,R18,1325225518111HRAT1,1,G::PCR::GT 2618 RAN ATB,395.0,624.0,156.0,2026-08-29 12:43,2026-09-01 07:00,66.26677745987038,PCR-287-08291243
PCR,2026-08-29,A,29,false,false,188,GT 1513 XPC1 MSIL,155 R13 C ULTIMA XPC1 90/89 S TL (MSIL) (+1 SKUs),R13,R13,1D25215013008SXC10,2,G::PCR::GT 1513 XPC1 MSIL,388.0,557.0,0.0,2026-08-29 14:01,2026-09-01 07:00,64.98159481245725,PCR-188-08291401
PCR,2026-08-29,A,29,false,false,190,GT 1513 XPC1 MSIL,155 R13 C ULTIMA XPC1 90/89 S TL (MSIL) (+1 SKUs),R13,R13,1D25215013008SXC10,2,G::PCR::GT 1513 XPC1 MSIL,388.0,244.0,313.0,2026-08-29 14:01,2026-09-01 07:00,64.98159481245725,PCR-190-08291401
PCR,2026-08-29,B,29,false,false,44,GT 1402 XPC TATA,145 R12 ULTIMA XPC TL TATA (+14 SKUs),R12,R12,1D25214012008QXPCT,15,G::PCR::GT 1402 XPC TATA,333.0,507.0,0.0,2026-08-29 15:22,2026-09-01 07:00,63.61976768525395,PCR-44-08291522
PCR,2026-08-29,B,29,false,false,198,GT 2258 RAN HPE,225/55 R 18 Ranger Hpe (+1 SKUs),R 18,R18,1325222318098HRHE0,2,G::PCR::GT 2258 RAN HPE,358.0,616.0,0.0,2026-08-29 22:21,2026-09-01 07:00,56.64680155542262,PCR-198-08292221
PCR,2026-08-29,B,29,false,false,209,GT 2476 SUP MM,245/75 R16 ELANZO SUPRA,"",R16,1325224716111SELS0,1,G::PCR::GT 2476 SUP MM,345.0,425.0,155.0,2026-08-29 22:45,2026-09-01 07:00,56.24231376398056,PCR-209-08292245
PCR,2026-08-29,C,29,false,false,26,GT 1773 NEO,175/70 R13 ULTIMA NEO,R13,R13,1325217613082TUNE0,1,G::PCR::GT 1773 NEO,398.0,548.0,151.0,2026-08-30 03:07,2026-09-01 07:00,51.881580860694896,PCR-26-08300307
PCR,2026-08-29,C,29,false,false,196,GT 1513 XPC1 MSIL,155 R13 C ULTIMA XPC1 90/89 S TL (MSIL) (+1 SKUs),R13,R13,1D25215013008SXC10,2,G::PCR::GT 1513 XPC1 MSIL,304.0,400.0,157.0,2026-08-30 04:04,2026-09-01 07:00,50.93434319878641,PCR-196-08300404
PCR,2026-08-29,C,29,false,false,35,GT 1513 XPC1 MSIL,155 R13 C ULTIMA XPC1 90/89 S TL (MSIL) (+1 SKUs),R13,R13,1D25215013008SXC10,2,G::PCR::GT 1513 XPC1 MSIL,300.0,557.0,0.0,2026-08-30 04:45,2026-09-01 07:00,50.2507036199768,PCR-35-08300445
PCR,2026-08-29,C,29,false,false,208,GT 2158 ROYL HYU,215/55R18 UX ROYALE (+1 SKUs),R18,R18,1325221318095HURL0,2,G::PCR::GT 2158 ROYL HYU,293.0,392.0,154.0,2026-08-30 05:53,2026-09-01 07:00,49.10812353778323,PCR-208-08300553
PCR,2026-08-29,C,29,false,false,286,GT 1513 XPC1 MSIL,155 R13 C ULTIMA XPC1 90/89 S TL (MSIL) (+1 SKUs),R13,R13,1D25215013008SXC10,2,G::PCR::GT 1513 XPC1 MSIL,291.0,400.0,157.0,2026-08-30 06:14,2026-09-01 07:00,48.76286388649276,PCR-286-08300614
PCR,2026-08-30,A,30,false,false,296,GT 1513 XPC1 MSIL,155 R13 C ULTIMA XPC1 90/89 S TL (MSIL) (+1 SKUs),R13,R13,1D25215013008SXC10,2,G::PCR::GT 1513 XPC1 MSIL,266.0,557.0,0.0,2026-08-30 10:19,2026-09-01 07:00,44.671582408756954,PCR-296-08301019
PCR,2026-08-30,A,30,false,false,189,GT 2568 RAN AT,255/65 R18 RANGER AT,R18,R18,1325225518111HRAT0,1,G::PCR::GT 2568 RAN AT,260.0,524.0,0.0,2026-08-30 11:21,2026-09-01 07:00,43.63334439975717,PCR-189-08301121
PCR,2026-08-30,A,30,false,false,297,GT 2268 UX1,225/60 R18 UX1 104 H,R18,(no rim),1325222418104HUX10,1,G::PCR::GT 2268 UX1,292.0,737.0,0.0,2026-08-30 11:31,2026-09-01 07:00,43.46738446898758,PCR-297-08301131
PCR,2026-08-30,A,30,false,false,309,GT 2476 SUP MM,245/75 R16 ELANZO SUPRA,"",R16,1325224716111SELS0,1,G::PCR::GT 2476 SUP MM,253.0,580.0,0.0,2026-08-30 13:47,2026-09-01 07:00,41.20475068617137,PCR-309-08301347
PCR,2026-08-30,B,30,false,false,197,GT 2158 ROYL HYU,215/55R18 UX ROYALE (+1 SKUs),R18,R18,1325221318095HURL0,2,G::PCR::GT 2158 ROYL HYU,235.0,546.0,0.0,2026-08-30 15:33,2026-09-01 07:00,39.43305127279238,PCR-197-08301533
PCR,2026-08-30,B,30,false,false,52,GT 1634 XPC TATA,165 R14 ULTIMA XPC TATA TL (+5 SKUs),R14,R14,1D25216814008QXPC0,6,G::PCR::GT 1634 XPC TATA,203.0,547.0,0.0,2026-08-30 19:06,2026-09-01 07:00,35.894978413592696,PCR-52-08301906
PCR,2026-08-30,B,30,false,false,28,GT 1873 NEO,185/70 R13 ULTIMA NEO,R13,(no rim),1325218613086HUNE0,1,G::PCR::GT 1873 NEO,252.0,524.0,0.0,2026-08-30 22:12,2026-09-01 07:00,32.796554518174084,PCR-28-08302212
PCR,2026-08-30,B,30,false,false,123,GT 1844 XPC TML,185 R14 ULTIMA XPC 10 PR (+1 SKUs),R14,R14,1D25218014010RXPCT,2,G::PCR::GT 1844 XPC TML,163.0,494.0,0.0,2026-08-30 22:25,2026-09-01 07:00,32.57888168857619,PCR-123-08302225
PCR,2026-08-30,B,30,false,false,235,GT 1503 NEO MSIL,155/80 R13 ULTIMA NEO MSIL (+6 SKUs),R13,R13,1325215813079TUNE3,7,G::PCR::GT 1503 NEO MSIL,256.0,391.0,0.0,2026-08-30 22:38,2026-09-01 07:00,32.350469812232426,PCR-235-08302238
PCR,2026-08-30,B,30,false,false,185,GT 1634 XPC TATA,165 R14 ULTIMA XPC TATA TL (+5 SKUs),R14,R14,1D25216814008QXPC0,6,G::PCR::GT 1634 XPC TATA,182.0,547.0,0.0,2026-08-30 22:51,2026-09-01 07:00,32.140096902171265,PCR-185-08302251
PCR,2026-08-30,C,30,false,false,184,GT 1894 MAX,185/70 R14 TAXIMAX (+6 SKUs),R14,R14,1325218614088TTMX0,7,G::PCR::GT 1894 MAX,224.0,388.0,0.0,2026-08-31 01:13,2026-09-01 07:00,29.783280672196536,PCR-184-08310113
PCR,2026-08-30,C,30,false,false,50,GT 1925 XPC1,195 R15 ULTIMA XPC1 AL,R15,R15,1225219Z15008SXC11,1,G::PCR::GT 1905 XPC1,121.0,412.0,0.0,2026-08-31 02:43,2026-09-01 07:00,28.26937921703988,PCR-50-08310243
PCR,2026-08-30,C,30,false,false,33,GT1513 NEO,155/65 R 13 ULTIMA NEO,R13,(no rim),1325215513073TUNE0,1,G::PCR::GT1513 NEO,185.0,446.0,0.0,2026-08-31 06:54,2026-09-01 07:00,24.09760963265228,PCR-33-08310654
PCR,2026-08-31,A,31,false,false,205,GT 2576 EZO TATA,235/70R16 ELANZO REINFORCED TATA,R16,(no rim),1325223616109SELZ0,1,G::PCR::GT 2576 EZO TATA,122.0,490.0,0.0,2026-08-31 07:02,2026-09-01 07:00,23.95152827249086,PCR-205-08310702
PCR,2026-08-31,A,31,false,false,207,GT 1402 XPC TATA,145 R12 ULTIMA XPC TL TATA (+14 SKUs),R12,R12,1D25214012008QXPCT,15,G::PCR::GT 1402 XPC TATA,112.0,330.0,158.0,2026-08-31 09:39,2026-09-01 07:00,21.347252182876,PCR-207-08310939
PCR,2026-08-31,A,31,false,false,233,GT 2267 ROYL HYU,215/60 R17 UX ROYALE HYUNDAI (+9 SKUs),R17,R17,1325221417096HURL0,10,G::PCR::GT 2267 ROYL HYU,148.0,190.0,150.0,2026-08-31 09:41,2026-09-01 07:00,21.308358170067912,PCR-233-08310941
PCR,2026-08-31,A,31,false,false,298,GT 2367 RAN XATW,235/65 R17 RANGER X-AT 104T,R17,R17,1325223517104TRXT0,1,G::PCR::GT 2367 RAN XATW,123.0,385.0,0.0,2026-08-31 09:43,2026-09-01 07:00,21.26632121640913,PCR-298-08310943
PCR,2026-08-31,A,31,false,false,236,GT 2617 RAN XAT,265/65 R 17 Ranger XAT,R17,(no rim),1325226517112HRXT0,1,G::PCR::GT 2617 RAN XAT,113.0,468.0,0.0,2026-08-31 13:05,2026-09-01 07:00,17.90112039356261,PCR-236-08311305
PCR,2026-08-31,A,31,false,false,295,GT 2267 ROYL HYU,215/60 R17 UX ROYALE HYUNDAI (+9 SKUs),R17,R17,1325221417096HURL0,10,G::PCR::GT 2267 ROYL HYU,116.0,340.0,0.0,2026-08-31 14:15,2026-09-01 07:00,16.747201803424467,PCR-295-08311415
PCR,2026-08-31,A,31,false,false,191,GT 1402 XPC TATA,145 R12 ULTIMA XPC TL TATA (+14 SKUs),R12,R12,1D25214012008QXPCT,15,G::PCR::GT 1402 XPC TATA,86.0,438.0,24.0,2026-08-31 14:37,2026-09-01 07:00,16.380844753097104,PCR-191-08311437
PCR,2026-08-31,B,31,false,false,53,GT 1854 XPC TT,185 R 14 Ultima XPC 10 PR TT (+1 SKUs),R14,R14,1D25118014010RXPC0,2,G::PCR::GT 1844 XPC TML,65.0,400.0,0.0,2026-08-31 16:59,2026-09-01 07:00,14.003599595943898,PCR-53-08311659
PCR,2026-08-31,B,31,false,false,41,GT 1402 XPC TATA,145 R12 ULTIMA XPC TL TATA (+14 SKUs),R12,R12,1D25214012008QXPCT,15,G::PCR::GT 1402 XPC TATA,71.0,447.0,0.0,2026-08-31 17:25,2026-09-01 07:00,13.573522821144927,PCR-41-08311725
PCR,2026-08-31,B,31,false,false,307,GT 2056 ROYL,205/65 R16 UX ROYALE PUNCTURE GUARD,R16,(no rim),1325220516095HURP0,1,G::PCR::GT 2056 ROYL,81.0,518.0,0.0,2026-08-31 18:13,2026-09-01 07:00,12.774581278118056,PCR-307-08311813
PCR,2026-08-31,B,31,false,false,24,GT 1482 UHL,145/80 R 12 ULTIMA HI LIFE TL (+13 SKUs),R12,R12,1325214812074TUHL0,14,G::PCR::GT 1482 UHL,72.0,210.0,151.0,2026-08-31 20:15,2026-09-01 07:00,10.746166937921412,PCR-24-08312015
PCR,2026-08-31,B,31,false,false,211,GT 1482 UHL,145/80 R 12 ULTIMA HI LIFE TL (+13 SKUs),R12,R12,1325214812074TUHL0,14,G::PCR::GT 1482 UHL,65.0,361.0,0.0,2026-08-31 21:14,2026-09-01 07:00,9.752879795396419,PCR-211-08312114
PCR,2026-08-31,C,31,false,false,194,GT2776 RAN AT,235/70 R16 105T RANGER AT,R16,R16,1325223616105TRAT0,1,G::PCR::GT2776 RAN AT,44.0,337.0,0.0,2026-08-31 23:08,2026-09-01 07:00,7.8667185368329395,PCR-194-08312308
PCR,2026-08-31,C,31,false,false,42,GT1564 NEO,155/65 R14 ULTIMA NEO,R14,R14,1325215514075TUNE0,1,G::PCR::GT1564 NEO,37.0,421.0,0.0,2026-09-01 02:00,2026-09-01 07:00,4.98678949157385,PCR-42-09010200
PCR,2026-08-31,C,31,false,false,47,GT 2126 ROYL,215/65 R16 UX ROYALE,R16,(no rim),1325221516098HURL0,1,G::PCR::GT 2126 ROYL,31.0,396.0,0.0,2026-09-01 02:10,2026-09-01 07:00,4.8258774076881625,PCR-47-09010210
PCR,2026-08-31,C,31,false,false,45,GT  T1457 STAR,T145/70 R17 STAR XT (+2 SKUs),R17,R17,1325214617107MSXT0,3,G::PCR::GT  T1457 STAR,20.0,331.0,0.0,2026-09-01 03:51,2026-09-01 07:00,3.1494671883449437,PCR-45-09010351
PCR,2026-08-31,C,31,false,false,258,GT 1925 XPC1,195 R15 ULTIMA XPC1 AL,R15,R15,1225219Z15008SXC11,1,G::PCR::GT 1905 XPC1,8.0,316.0,0.0,2026-09-01 05:13,2026-09-01 07:00,1.7772490162673944,PCR-258-09010513
PCR,2026-08-31,C,31,false,false,127,GT 1513 XPC1 MSIL,155 R13 C ULTIMA XPC1 90/89 S TL (MSIL) (+1 SKUs),R13,R13,1D25215013008SXC10,2,G::PCR::GT 1513 XPC1 MSIL,6.0,288.0,0.0,2026-09-01 05:55,2026-09-01 07:00,1.0681477198856348,PCR-127-09010555
PCR,2026-08-31,C,31,false,false,39,GT 1503 NEO MSIL,155/80 R13 ULTIMA NEO MSIL (+6 SKUs),R13,R13,1325215813079TUNE3,7,G::PCR::GT 1503 NEO MSIL,8.0,391.0,0.0,2026-09-01 05:58,2026-09-01 07:00,1.023599608958008,PCR-39-09010558
TBR,2026-08-01,A,1,false,false,133,10.00 R 20 JUH5,10.00 R 20 JW JUH5 - N2 (+1 SKUs),10.00 R 20 JUH5,R20,1122110020016KUH50,2,G::TBR::10.00 R 20 JUH5,1226.0,1344.0,0.0,2026-08-01 07:00,2026-09-01 07:00,744.0045618703668,TBR-133-08010700
TBR,2026-08-01,A,1,false,false,134,295/80R22.5JUL1,295/80R22.5 JUM (+2 SKUs),"",R22.5,112222982C016MJUM0,3,G::TBR::295/80R22.5JUL1,980.0,916.0,64.0,2026-08-01 07:00,2026-08-26 11:27,604.46,TBR-134-08010700
TBR,2026-08-01,A,1,false,false,135,10.00 R 20 JDE,295/90R20JDE++ (+4 SKUs),R20,R20,1121129A20000JDEP0,5,G::TBR::10.00 R 20 JDE,1226.0,1344.0,0.0,2026-08-01 07:00,2026-09-01 07:00,744.0045618703668,TBR-135-08010700
TBR,2026-08-01,A,1,false,false,136,10.00 R 20 JDE,295/90R20JDE++ (+4 SKUs),R20,R20,1121129A20000JDEP0,5,G::TBR::10.00 R 20 JDE,1113.0,1113.0,0.0,2026-08-01 07:00,2026-08-29 10:17,675.3,TBR-136-08010700
TBR,2026-08-01,A,1,false,false,137,8.25R20JDE++,8.25R20JDE++ (+2 SKUs),8.25R20,R20,1121182020016KDEP0,3,G::TBR::8.25R20JDE++,1258.0,1258.0,0.0,2026-08-01 07:00,2026-08-30 10:59,699.99,TBR-137-08010700
TBR,2026-08-01,A,1,false,false,139,GT 5076 - 295/90R20 JDE XF,295/90R20 JDE XF / JS121 (+3 SKUs),295/90R20,R20,1121129A20152JDLF0,4,G::TBR::GT 5076 - 295/90R20 JDE XF,1226.0,1284.0,0.0,2026-08-01 07:00,2026-09-01 07:00,743.9992041597627,TBR-139-08010700
TBR,2026-08-01,A,1,false,false,140,GT 5076 - 295/90R20 JDE XF,295/90R20 JDE XF / JS121 (+3 SKUs),295/90R20,R20,1121129A20152JDLF0,4,G::TBR::GT 5076 - 295/90R20 JDE XF,1154.0,1127.0,27.0,2026-08-01 07:00,2026-08-30 11:10,700.18,TBR-140-08010700
TBR,2026-08-01,A,1,false,false,141,GT 5075 - 295/90R20 JUH XF,295/90R20 JUH XF / JW 304 (+3 SKUs),295/90R20,R20,1122129A20152JULF0,4,G::TBR::GT 5075 - 295/90R20 JUH XF,1257.0,1257.0,0.0,2026-08-01 07:00,2026-08-31 11:43,724.73,TBR-141-08010700
TBR,2026-08-01,A,1,false,false,142,10.00 R 20 JDE,295/90R20JDE++ (+4 SKUs),R20,R20,1121129A20000JDEP0,5,G::TBR::10.00 R 20 JDE,1113.0,1113.0,0.0,2026-08-01 07:00,2026-08-29 10:17,675.3,TBR-142-08010700
TBR,2026-08-01,A,1,false,false,145,10.00 R 20 JUH5,10.00 R 20 JW JUH5 - N2 (+1 SKUs),10.00 R 20 JUH5,R20,1122110020016KUH50,2,G::TBR::10.00 R 20 JUH5,1112.0,1085.0,27.0,2026-08-01 07:00,2026-08-29 09:41,674.69,TBR-145-08010700
TBR,2026-08-01,A,1,false,false,146,10.00 R 20 JUH5,10.00 R 20 JW JUH5 - N2 (+1 SKUs),10.00 R 20 JUH5,R20,1122110020016KUH50,2,G::TBR::10.00 R 20 JUH5,1112.0,1085.0,27.0,2026-08-01 07:00,2026-08-29 09:41,674.69,TBR-146-08010700
TBR,2026-08-01,A,1,false,false,147,10.00 R 20 JUH5,10.00 R 20 JW JUH5 - N2 (+1 SKUs),10.00 R 20 JUH5,R20,1122110020016KUH50,2,G::TBR::10.00 R 20 JUH5,1112.0,1085.0,27.0,2026-08-01 07:00,2026-08-29 09:41,674.69,TBR-147-08010700
TBR,2026-08-01,A,1,false,false,148,10.00 R 20 JUH5,10.00 R 20 JW JUH5 - N2 (+1 SKUs),10.00 R 20 JUH5,R20,1122110020016KUH50,2,G::TBR::10.00 R 20 JUH5,1112.0,1085.0,27.0,2026-08-01 07:00,2026-08-29 09:41,674.69,TBR-148-08010700
TBR,2026-08-01,A,1,false,false,149,10.00R 20 JW302,295/90R20JUCXM (+1 SKUs),10R20,R20,1123129A20152JUCM0,2,G::TBR::10.00R 20 JW302,1000.0,1000.0,0.0,2026-08-01 07:00,2026-08-27 09:51,626.86,TBR-149-08010700
TBR,2026-08-01,A,1,false,false,150,8.25R20JUH5,8.25R20JUH5 (+4 SKUs),8.25R20,R20,1122182020016KUH50,5,G::TBR::8.25R20JUH5,1249.0,1249.0,0.0,2026-08-01 07:00,2026-08-28 16:16,657.28,TBR-150-08010700
TBR,2026-08-01,A,1,false,false,151,10.00 R 20 JDE,295/90R20JDE++ (+4 SKUs),R20,R20,1121129A20000JDEP0,5,G::TBR::10.00 R 20 JDE,873.0,873.0,0.0,2026-08-01 07:00,2026-08-23 08:40,529.68,TBR-151-08010700
TBR,2026-08-01,A,1,false,false,152,8.25R20JDE++,8.25R20JDE++ (+2 SKUs),8.25R20,R20,1121182020016KDEP0,3,G::TBR::8.25R20JDE++,987.0,959.0,28.0,2026-08-01 07:00,2026-08-24 04:11,549.19,TBR-152-08010700
TBR,2026-08-01,A,1,false,false,153,9.00 R 20 JUH5,9.00R20 JW JUH5 16PR (+2 SKUs),"",R20,1122190020016KUH50,3,G::TBR::9.00 R 20 JUH5,964.0,964.0,0.0,2026-08-01 07:00,2026-08-23 15:23,536.4,TBR-153-08010700
TBR,2026-08-01,A,1,false,false,154,GT 5076 - 295/90R20 JDE XF,295/90R20 JDE XF / JS121 (+3 SKUs),295/90R20,R20,1121129A20152JDLF0,4,G::TBR::GT 5076 - 295/90R20 JDE XF,905.0,878.0,27.0,2026-08-01 07:00,2026-08-24 04:05,549.1,TBR-154-08010700
TBR,2026-08-01,A,1,false,false,158,GT 5078 - 295/80R22.5 JUX E,295/80R22.5 JUXe (+5 SKUs),"",R22.5,112222982C016JUXE0,6,G::TBR::GT 5078 - 295/80R22.5 JUX E,1187.0,1213.0,0.0,2026-08-01 07:00,2026-09-01 07:00,743.997282070653,TBR-158-08010700
TBR,2026-08-01,A,1,false,false,159,8.25R20JUH5,8.25R20JUH5 (+4 SKUs),8.25R20,R20,1122182020016KUH50,5,G::TBR::8.25R20JUH5,928.0,928.0,0.0,2026-08-01 07:00,2026-08-21 15:21,488.35,TBR-159-08010700
TBR,2026-08-01,A,1,false,false,166,GT 5078 - 295/80R22.5 JUX E,295/80R22.5 JUXe (+5 SKUs),"",R22.5,112222982C016JUXE0,6,G::TBR::GT 5078 - 295/80R22.5 JUX E,901.0,849.0,52.0,2026-08-01 07:00,2026-08-24 19:48,564.8,TBR-166-08010700
TBR,2026-08-01,A,1,false,false,176,10.00 R 20 JUH5,10.00 R 20 JW JUH5 - N2 (+1 SKUs),10.00 R 20 JUH5,R20,1122110020016KUH50,2,G::TBR::10.00 R 20 JUH5,873.0,846.0,27.0,2026-08-01 07:00,2026-08-23 08:40,529.68,TBR-176-08010700
TBR,2026-08-01,A,1,false,false,201,9.00 R 20 JDE++,9.00 R 20 JDE++ (+1 SKUs),9R20,R20,1121190020016KDEP0,2,G::TBR::9.00 R 20 JDE++,852.0,852.0,0.0,2026-08-01 07:00,2026-08-22 19:56,516.94,TBR-201-08010700
TBR,2026-08-01,A,1,false,false,221,10.00R20JUC,10.00 R 20 JUC,20,R20,1123110020016KJUC0,1,G::TBR::10.00R20JUC,824.0,810.0,14.0,2026-08-01 07:00,2026-08-22 02:57,499.95,TBR-221-08010700
TBR,2026-08-01,A,1,false,false,224,295/90R20JDCXD,295/90R20_JDC XD_152/148_J_TT (+1 SKUs),10R20,R20,1121129A20152JCXD0,2,G::TBR::295/90R20JDCXD,793.0,793.0,0.0,2026-08-01 07:00,2026-08-21 08:08,481.14,TBR-224-08010700
TBR,2026-08-01,A,1,false,false,225,11.00R20 JUH5,11.00R20 JUH5 (+2 SKUs),11R20,R20,1122111020016KUH50,3,G::TBR::11.00R20 JUH5,803.0,803.0,0.0,2026-08-01 07:00,2026-08-21 14:12,487.21,TBR-225-08010700
TBR,2026-08-01,A,1,false,false,226,8.25R20JDE++,8.25R20JDE++ (+2 SKUs),8.25R20,R20,1121182020016KDEP0,3,G::TBR::8.25R20JDE++,694.0,694.0,0.0,2026-08-01 07:00,2026-08-17 09:09,386.16,TBR-226-08010700
TBR,2026-08-01,A,1,false,false,228,GT 5113 - 295/80R22.5 JDC XD,295/80R22.5 JETSTEEL JDC XD,"",R22.5,115122982C018KCXD0,1,G::TBR::GT 5113 - 295/80R22.5 JDC XD,666.0,578.0,88.0,2026-08-01 07:00,2026-08-19 12:35,437.59,TBR-228-08010700
TBR,2026-08-01,A,1,false,false,55,8.25R20JUH5,8.25R20JUH5 (+4 SKUs),8.25R20,R20,1122182020016KUH50,5,G::TBR::8.25R20JUH5,653.0,621.0,32.0,2026-08-01 07:00,2026-08-15 14:38,343.64,TBR-55-08010700
TBR,2026-08-01,A,1,false,false,57,295/80R22.5JUL1,295/80R22.5 JUM (+2 SKUs),"",R22.5,112222982C016MJUM0,3,G::TBR::295/80R22.5JUL1,689.0,635.0,54.0,2026-08-01 07:00,2026-08-18 23:58,424.97,TBR-57-08010700
TBR,2026-08-01,A,1,false,false,59,385/65R22.5JTL,385/65R22.5 JETWAY JTL - 24PR (+3 SKUs),"",R22.5,115223852C024KJTL0,4,G::TBR::385/65R22.5JTL,723.0,365.0,358.0,2026-08-01 07:00,2026-08-18 03:23,404.39,TBR-59-08010700
TBR,2026-08-01,A,1,false,false,61,GT 5078 - 295/80R22.5 JUX E,295/80R22.5 JUXe (+5 SKUs),"",R22.5,112222982C016JUXE0,6,G::TBR::GT 5078 - 295/80R22.5 JUX E,634.0,634.0,0.0,2026-08-01 07:00,2026-08-17 20:25,397.43,TBR-61-08010700
TBR,2026-08-01,A,1,false,false,62,GT 5079 - 255/70R22.5 JUX E,255/70R22.5 JUXe 140/137 M (+2 SKUs),22.5,R22.5,112222562C016MUXE0,3,G::TBR::GT 5079 - 255/70R22.5 JUX E,636.0,636.0,0.0,2026-08-01 07:00,2026-08-17 21:41,398.68,TBR-62-08010700
TBR,2026-08-01,A,1,false,false,72,315/80R22.5JUL4,315/80R22.5JUL4 (+1 SKUs),22.5,R22.5,115223182C018LUL40,2,G::TBR::315/80R22.5JUL4,599.0,521.0,78.0,2026-08-01 07:00,2026-08-16 22:29,375.49,TBR-72-08010700
TBR,2026-08-01,A,1,false,false,81,10.00R20JUC,10.00 R 20 JUC,20,R20,1123110020016KJUC0,1,G::TBR::10.00R20JUC,461.0,405.0,56.0,2026-08-01 07:00,2026-08-12 22:42,279.71,TBR-81-08010700
TBR,2026-08-01,B,1,false,false,138,GT 5096 - 11.00R20 JDC XD,11.00R20 JDC XD (+2 SKUs),"",R20,1121111020016KCXD0,3,G::TBR::GT 5096 - 11.00R20 JDC XD,1171.0,1253.0,0.0,2026-08-01 17:10,2026-09-01 07:00,733.8234284984754,TBR-138-08011710
TBR,2026-08-01,B,1,false,false,143,GT 5103 - 295/80R22.5 JUM XM OEM,295/80R22.5 JUM XM OEM (+2 SKUs),22.5,R22.5,112222982C152MJXM0,3,G::TBR::385/65R22.5JUH6,1254.0,1226.0,28.0,2026-08-01 17:10,2026-08-31 20:10,723.0,TBR-143-08011710
TBR,2026-08-01,B,1,false,false,144,GT 5083 - 295/80R22.5 JUM XM,295/80R22.5 JUM XM (+1 SKUs),22.5,R22.5,112222982C016MJXM0,2,G::TBR::385/65R22.5JUH6,1199.0,1172.0,27.0,2026-08-01 17:10,2026-09-01 00:39,727.48,TBR-144-08011710
TBR,2026-08-01,B,1,false,false,157,GT 5075 - 295/90R20 JUH XF,295/90R20 JUH XF / JW 304 (+3 SKUs),295/90R20,R20,1122129A20152JULF0,4,G::TBR::GT 5075 - 295/90R20 JUH XF,986.0,986.0,0.0,2026-08-01 17:10,2026-08-25 09:39,568.48,TBR-157-08011710
TBR,2026-08-01,B,1,false,false,161,GT 5103 - 295/80R22.5 JUM XM OEM,295/80R22.5 JUM XM OEM (+2 SKUs),22.5,R22.5,112222982C152MJXM0,3,G::TBR::385/65R22.5JUH6,984.0,984.0,0.0,2026-08-01 17:10,2026-08-25 08:30,567.33,TBR-161-08011710
TBR,2026-08-01,B,1,false,false,162,GT 5096 - 11.00R20 JDC XD,11.00R20 JDC XD (+2 SKUs),"",R20,1121111020016KCXD0,3,G::TBR::GT 5096 - 11.00R20 JDC XD,883.0,883.0,0.0,2026-08-01 17:10,2026-08-24 18:41,553.52,TBR-162-08011710
TBR,2026-08-01,B,1,false,false,163,10.00 R 20 JDE,295/90R20JDE++ (+4 SKUs),R20,R20,1121129A20000JDEP0,5,G::TBR::10.00 R 20 JDE,873.0,846.0,27.0,2026-08-01 17:10,2026-08-23 18:51,529.68,TBR-163-08011710
TBR,2026-08-01,B,1,false,false,165,GT 5096 - 11.00R20 JDC XD,11.00R20 JDC XD (+2 SKUs),"",R20,1121111020016KCXD0,3,G::TBR::GT 5096 - 11.00R20 JDC XD,883.0,883.0,0.0,2026-08-01 17:10,2026-08-24 18:41,553.52,TBR-165-08011710
TBR,2026-08-01,B,1,false,false,167,GT 5076 - 295/90R20 JDE XF,295/90R20 JDE XF / JS121 (+3 SKUs),295/90R20,R20,1121129A20152JDLF0,4,G::TBR::GT 5076 - 295/90R20 JDE XF,905.0,905.0,0.0,2026-08-01 17:10,2026-08-24 14:16,549.1,TBR-167-08011710
TBR,2026-08-01,B,1,false,false,168,GT 5083 - 295/80R22.5 JUM XM,295/80R22.5 JUM XM (+1 SKUs),22.5,R22.5,112222982C016MJXM0,2,G::TBR::385/65R22.5JUH6,890.0,863.0,27.0,2026-08-01 17:10,2026-08-24 05:10,540.0,TBR-168-08011710
TBR,2026-08-01,B,1,false,false,170,GT 5103 - 295/80R22.5 JUM XM OEM,295/80R22.5 JUM XM OEM (+2 SKUs),22.5,R22.5,112222982C152MJXM0,3,G::TBR::385/65R22.5JUH6,692.0,692.0,0.0,2026-08-01 17:10,2026-08-18 08:09,398.97,TBR-170-08011710
TBR,2026-08-01,B,1,false,false,172,295/80R22.5JDL,295/80R22.5 JDL CURE TYRE (+1 SKUs),"",R22.5,112122982C016MJDL0,2,G::TBR::295/80R22.5JDL,819.0,819.0,0.0,2026-08-01 17:10,2026-08-23 02:34,513.4,TBR-172-08011710
TBR,2026-08-01,B,1,false,false,173,GT 5095 - 11.00R20 JUC3,11.00R20 JUC3 (+1 SKUs),"",R20,1123111020016KJC30,2,G::TBR::GT 5095 - 11.00R20 JUC3,1011.0,1011.0,0.0,2026-08-01 17:10,2026-08-28 02:56,633.76,TBR-173-08011710
TBR,2026-08-01,B,1,false,false,174,10.00 R 20 JDE,295/90R20JDE++ (+4 SKUs),R20,R20,1121129A20000JDEP0,5,G::TBR::10.00 R 20 JDE,873.0,846.0,27.0,2026-08-01 17:10,2026-08-23 18:51,529.68,TBR-174-08011710
TBR,2026-08-01,B,1,false,false,175,10.00 R 20 JDE,295/90R20JDE++ (+4 SKUs),R20,R20,1121129A20000JDEP0,5,G::TBR::10.00 R 20 JDE,873.0,873.0,0.0,2026-08-01 17:10,2026-08-23 18:51,529.68,TBR-175-08011710
TBR,2026-08-01,B,1,false,false,177,10.00 R 20 JUH5,10.00 R 20 JW JUH5 - N2 (+1 SKUs),10.00 R 20 JUH5,R20,1122110020016KUH50,2,G::TBR::10.00 R 20 JUH5,873.0,873.0,0.0,2026-08-01 17:10,2026-08-23 18:51,529.68,TBR-177-08011710
TBR,2026-08-01,B,1,false,false,200,10.00 R 20 JUH5,10.00 R 20 JW JUH5 - N2 (+1 SKUs),10.00 R 20 JUH5,R20,1122110020016KUH50,2,G::TBR::10.00 R 20 JUH5,873.0,873.0,0.0,2026-08-01 17:10,2026-08-23 18:51,529.68,TBR-200-08011710
TBR,2026-08-01,B,1,false,false,202,10.00 R 20 JUH5,10.00 R 20 JW JUH5 - N2 (+1 SKUs),10.00 R 20 JUH5,R20,1122110020016KUH50,2,G::TBR::10.00 R 20 JUH5,873.0,873.0,0.0,2026-08-01 17:10,2026-08-23 18:51,529.68,TBR-202-08011710
TBR,2026-08-01,B,1,false,false,219,GT 5095 - 11.00R20 JUC3,11.00R20 JUC3 (+1 SKUs),"",R20,1123111020016KJC30,2,G::TBR::GT 5095 - 11.00R20 JUC3,750.0,750.0,0.0,2026-08-01 17:10,2026-08-21 07:19,470.15,TBR-219-08011710
TBR,2026-08-01,B,1,false,false,220,10.00 R 20 JUH5,10.00 R 20 JW JUH5 - N2 (+1 SKUs),10.00 R 20 JUH5,R20,1122110020016KUH50,2,G::TBR::10.00 R 20 JUH5,873.0,873.0,0.0,2026-08-01 17:10,2026-08-23 18:51,529.68,TBR-220-08011710
TBR,2026-08-01,B,1,false,false,222,385/65R22.5JUH6,385/65R22.5 JETWAY JUH6 (+3 SKUs),385/65 R 22.5 JW JUH6,(no rim),115223852C020KUH60,4,G::TBR::385/65R22.5JUH6,800.0,800.0,0.0,2026-08-01 17:10,2026-08-20 08:38,447.46,TBR-222-08011710
TBR,2026-08-01,B,1,false,false,223,10.00R 20 JW302,295/90R20JUCXM (+1 SKUs),10R20,R20,1123129A20152JUCM0,2,G::TBR::10.00R 20 JW302,703.0,703.0,0.0,2026-08-01 17:10,2026-08-20 01:51,440.68,TBR-223-08011710
TBR,2026-08-01,B,1,false,false,227,10.00 R 20 JDE,295/90R20JDE++ (+4 SKUs),R20,R20,1121129A20000JDEP0,5,G::TBR::10.00 R 20 JDE,614.0,614.0,0.0,2026-08-01 17:10,2026-08-17 05:42,372.54,TBR-227-08011710
TBR,2026-08-01,B,1,false,false,229,GT 5076 - 295/90R20 JDE XF,295/90R20 JDE XF / JS121 (+3 SKUs),295/90R20,R20,1121129A20152JDLF0,4,G::TBR::GT 5076 - 295/90R20 JDE XF,637.0,637.0,0.0,2026-08-01 17:10,2026-08-17 19:40,386.49,TBR-229-08011710
TBR,2026-08-01,B,1,false,false,54,GT 5075 - 295/90R20 JUH XF,295/90R20 JUH XF / JW 304 (+3 SKUs),295/90R20,R20,1122129A20152JULF0,4,G::TBR::GT 5075 - 295/90R20 JUH XF,694.0,694.0,0.0,2026-08-01 17:10,2026-08-18 09:18,400.13,TBR-54-08011710
TBR,2026-08-01,B,1,false,false,56,GT 5103 - 295/80R22.5 JUM XM OEM,295/80R22.5 JUM XM OEM (+2 SKUs),22.5,R22.5,112222982C152MJXM0,3,G::TBR::385/65R22.5JUH6,692.0,692.0,0.0,2026-08-01 17:10,2026-08-18 08:09,398.97,TBR-56-08011710
TBR,2026-08-01,B,1,false,false,58,GT 5076 - 295/90R20 JDE XF,295/90R20 JDE XF / JS121 (+3 SKUs),295/90R20,R20,1121129A20152JDLF0,4,G::TBR::GT 5076 - 295/90R20 JDE XF,637.0,637.0,0.0,2026-08-01 17:10,2026-08-17 19:40,386.49,TBR-58-08011710
TBR,2026-08-01,B,1,false,false,60,10.00 R 20 JDE,295/90R20JDE++ (+4 SKUs),R20,R20,1121129A20000JDEP0,5,G::TBR::10.00 R 20 JDE,614.0,614.0,0.0,2026-08-01 17:10,2026-08-17 05:42,372.54,TBR-60-08011710
TBR,2026-08-01,B,1,false,false,63,GT 5114 - 315/80R22.5 JDC XD,315/80R22.5 JETSTEEL JDC XD,"",(no rim),115123182C020KCXD0,1,G::TBR::GT 5114 - 315/80R22.5 JDC XD,812.0,812.0,0.0,2026-08-01 17:10,2026-08-20 15:20,454.17,TBR-63-08011710
TBR,2026-08-01,B,1,false,false,64,GT 5075 - 295/90R20 JUH XF,295/90R20 JUH XF / JW 304 (+3 SKUs),295/90R20,R20,1122129A20152JULF0,4,G::TBR::GT 5075 - 295/90R20 JUH XF,694.0,694.0,0.0,2026-08-01 17:10,2026-08-18 09:18,400.13,TBR-64-08011710
TBR,2026-08-01,B,1,false,false,65,10.00 R 20 JDE,295/90R20JDE++ (+4 SKUs),R20,R20,1121129A20000JDEP0,5,G::TBR::10.00 R 20 JDE,614.0,614.0,0.0,2026-08-01 17:10,2026-08-17 05:42,372.54,TBR-65-08011710
TBR,2026-08-01,B,1,false,false,68,GT 5076 - 295/90R20 JDE XF,295/90R20 JDE XF / JS121 (+3 SKUs),295/90R20,R20,1121129A20152JDLF0,4,G::TBR::GT 5076 - 295/90R20 JDE XF,637.0,637.0,0.0,2026-08-01 17:10,2026-08-17 19:40,386.49,TBR-68-08011710
TBR,2026-08-01,B,1,false,false,69,GT 5083 - 295/80R22.5 JUM XM,295/80R22.5 JUM XM (+1 SKUs),22.5,R22.5,112222982C016MJXM0,2,G::TBR::385/65R22.5JUH6,626.0,626.0,0.0,2026-08-01 17:10,2026-08-17 12:59,379.82,TBR-69-08011710
TBR,2026-08-01,B,1,false,false,70,10.00 R 20 JUH5,10.00 R 20 JW JUH5 - N2 (+1 SKUs),10.00 R 20 JUH5,R20,1122110020016KUH50,2,G::TBR::10.00 R 20 JUH5,614.0,614.0,0.0,2026-08-01 17:10,2026-08-17 05:42,372.54,TBR-70-08011710
TBR,2026-08-01,B,1,false,false,71,10.00 R 20 JUH5,10.00 R 20 JW JUH5 - N2 (+1 SKUs),10.00 R 20 JUH5,R20,1122110020016KUH50,2,G::TBR::10.00 R 20 JUH5,614.0,614.0,0.0,2026-08-01 17:10,2026-08-17 05:42,372.54,TBR-71-08011710
TBR,2026-08-01,B,1,false,false,73,10.00 R 20 JUH5,10.00 R 20 JW JUH5 - N2 (+1 SKUs),10.00 R 20 JUH5,R20,1122110020016KUH50,2,G::TBR::10.00 R 20 JUH5,614.0,614.0,0.0,2026-08-01 17:10,2026-08-17 05:42,372.54,TBR-73-08011710
TBR,2026-08-01,B,1,false,false,74,10.00 R 20 JUH5,10.00 R 20 JW JUH5 - N2 (+1 SKUs),10.00 R 20 JUH5,R20,1122110020016KUH50,2,G::TBR::10.00 R 20 JUH5,614.0,614.0,0.0,2026-08-01 17:10,2026-08-17 05:42,372.54,TBR-74-08011710
TBR,2026-08-01,B,1,false,false,75,10.00 R 20 JUH5,10.00 R 20 JW JUH5 - N2 (+1 SKUs),10.00 R 20 JUH5,R20,1122110020016KUH50,2,G::TBR::10.00 R 20 JUH5,614.0,614.0,0.0,2026-08-01 17:10,2026-08-17 05:42,372.54,TBR-75-08011710
TBR,2026-08-01,B,1,false,false,76,10.00R 20 JW302,295/90R20JUCXM (+1 SKUs),10R20,R20,1123129A20152JUCM0,2,G::TBR::10.00R 20 JW302,518.0,518.0,0.0,2026-08-01 17:10,2026-08-15 05:53,324.71,TBR-76-08011710
TBR,2026-08-01,B,1,false,false,77,GT 5096 - 11.00R20 JDC XD,11.00R20 JDC XD (+2 SKUs),"",R20,1121111020016KCXD0,3,G::TBR::GT 5096 - 11.00R20 JDC XD,621.0,621.0,0.0,2026-08-01 17:10,2026-08-17 22:27,389.28,TBR-77-08011710
TBR,2026-08-01,B,1,false,false,79,GT 5075 - 295/90R20 JUH XF,295/90R20 JUH XF / JW 304 (+3 SKUs),295/90R20,R20,1122129A20152JULF0,4,G::TBR::GT 5075 - 295/90R20 JUH XF,511.0,511.0,0.0,2026-08-01 17:10,2026-08-13 23:47,294.62,TBR-79-08011710
TBR,2026-08-01,B,1,false,false,80,9.00 R 20 JUH5,9.00R20 JW JUH5 16PR (+2 SKUs),"",R20,1122190020016KUH50,3,G::TBR::9.00 R 20 JUH5,539.0,539.0,0.0,2026-08-01 17:10,2026-08-14 05:05,299.91,TBR-80-08011710
TBR,2026-08-12,C,12,false,false,81,GT 5096 - 11.00R20 JDC XD,11.00R20 JDC XD (+2 SKUs),"",R20,1121111020016KCXD0,3,G::TBR::GT 5096 - 11.00R20 JDC XD,457.0,457.0,0.0,2026-08-13 04:43,2026-08-25 03:11,286.48,TBR-81-08130443
TBR,2026-08-13,C,13,false,false,79,GT 5076 - 295/90R20 JDE XF,295/90R20 JDE XF / JS121 (+3 SKUs),295/90R20,R20,1121129A20152JDLF0,4,G::TBR::GT 5076 - 295/90R20 JDE XF,469.0,469.0,0.0,2026-08-14 05:48,2026-08-26 02:22,284.56,TBR-79-08140548
TBR,2026-08-14,A,14,false,false,80,9.00 R 20 JDE++,9.00 R 20 JDE++ (+1 SKUs),9R20,R20,1121190020016KDEP0,2,G::TBR::9.00 R 20 JDE++,477.0,477.0,0.0,2026-08-14 11:06,2026-08-26 12:31,289.41,TBR-80-08141106
TBR,2026-08-15,B,15,false,false,55,8.25R20JDE++,8.25R20JDE++ (+2 SKUs),8.25R20,R20,1121182020016KDEP0,3,G::TBR::8.25R20JDE++,511.0,511.0,0.0,2026-08-15 20:39,2026-08-27 16:59,284.33,TBR-55-08152039
TBR,2026-08-16,C,16,false,false,76,GT 5103 - 295/80R22.5 JUM XM OEM,295/80R22.5 JUM XM OEM (+2 SKUs),22.5,R22.5,112222982C152MJXM0,3,G::TBR::385/65R22.5JUH6,510.0,482.0,28.0,2026-08-16 23:00,2026-08-29 05:02,294.04,TBR-76-08162300
TBR,2026-08-16,C,16,false,false,227,10.00 R 20 JDE,295/90R20JDE++ (+4 SKUs),R20,R20,1121129A20000JDEP0,5,G::TBR::10.00 R 20 JDE,452.0,452.0,0.0,2026-08-17 05:42,2026-08-28 15:57,274.25,TBR-227-08170542
TBR,2026-08-17,A,17,false,false,226,8.25R20JDE++,8.25R20JDE++ (+2 SKUs),8.25R20,R20,1121182020016KDEP0,3,G::TBR::8.25R20JDE++,388.0,301.0,87.0,2026-08-17 09:09,2026-08-26 09:03,215.89,TBR-226-08170909
TBR,2026-08-17,A,17,false,false,60,8.25R20JUH5,8.25R20JUH5 (+4 SKUs),8.25R20,R20,1122182020016KUH50,5,G::TBR::8.25R20JUH5,480.0,480.0,0.0,2026-08-17 11:43,2026-08-28 00:19,252.6,TBR-60-08171143
TBR,2026-08-17,A,17,false,false,65,GT 5095 - 11.00R20 JUC3,11.00R20 JUC3 (+1 SKUs),"",R20,1123111020016KJC30,2,G::TBR::GT 5095 - 11.00R20 JUC3,528.0,528.0,0.0,2026-08-17 11:43,2026-08-31 06:42,330.98,TBR-65-08171143
TBR,2026-08-17,A,17,false,false,71,10.00 R 20 JDE,295/90R20JDE++ (+4 SKUs),R20,R20,1121129A20000JDEP0,5,G::TBR::10.00 R 20 JDE,452.0,452.0,0.0,2026-08-17 11:43,2026-08-28 21:58,274.25,TBR-71-08171143
TBR,2026-08-17,A,17,false,false,73,GT 5076 - 295/90R20 JDE XF,295/90R20 JDE XF / JS121 (+3 SKUs),295/90R20,R20,1121129A20152JDLF0,4,G::TBR::GT 5076 - 295/90R20 JDE XF,469.0,469.0,0.0,2026-08-17 11:43,2026-08-29 08:17,284.56,TBR-73-08171143
TBR,2026-08-17,A,17,false,false,74,10.00 R 20 JDE,295/90R20JDE++ (+4 SKUs),R20,R20,1121129A20000JDEP0,5,G::TBR::10.00 R 20 JDE,452.0,452.0,0.0,2026-08-17 11:43,2026-08-28 21:58,274.25,TBR-74-08171143
TBR,2026-08-17,A,17,false,false,75,10.00 R 20 JDE,295/90R20JDE++ (+4 SKUs),R20,R20,1121129A20000JDEP0,5,G::TBR::10.00 R 20 JDE,452.0,452.0,0.0,2026-08-17 11:43,2026-08-28 21:58,274.25,TBR-75-08171143
TBR,2026-08-17,A,17,false,false,70,11R22.5JUHE,11 R 22.5 JETWAY JUH - EXPORT (+2 SKUs),11 R 22.5 JW JUH -EXPORT,R22.5,115221102C016LJUH0,3,G::TBR::11R22.5JUHE,506.0,506.0,0.0,2026-08-17 13:00,2026-08-28 15:16,266.28,TBR-70-08171300
TBR,2026-08-17,B,17,false,false,61,GT 5078 - 295/80R22.5 JUX E,295/80R22.5 JUXe (+5 SKUs),"",R22.5,112222982C016JUXE0,6,G::TBR::GT 5078 - 295/80R22.5 JUX E,466.0,414.0,52.0,2026-08-17 21:00,2026-08-30 01:07,292.12,TBR-61-08172100
TBR,2026-08-17,B,17,false,false,69,GT 5083 - 295/80R22.5 JUM XM,295/80R22.5 JUM XM (+1 SKUs),22.5,R22.5,112222982C016MJXM0,2,G::TBR::385/65R22.5JUH6,461.0,407.0,54.0,2026-08-17 22:00,2026-08-29 13:42,279.71,TBR-69-08172200
TBR,2026-08-17,B,17,false,false,77,GT 5096 - 11.00R20 JDC XD,11.00R20 JDC XD (+2 SKUs),"",R20,1121111020016KCXD0,3,G::TBR::GT 5096 - 11.00R20 JDC XD,457.0,457.0,0.0,2026-08-17 22:27,2026-08-29 20:56,286.48,TBR-77-08172227
TBR,2026-08-17,C,17,false,false,229,10.00 R 20 JUH5,10.00 R 20 JW JUH5 - N2 (+1 SKUs),10.00 R 20 JUH5,R20,1122110020016KUH50,2,G::TBR::10.00 R 20 JUH5,452.0,452.0,0.0,2026-08-18 01:41,2026-08-29 11:55,274.25,TBR-229-08180141
TBR,2026-08-17,C,17,false,false,58,10.00 R 20 JUH5,10.00 R 20 JW JUH5 - N2 (+1 SKUs),10.00 R 20 JUH5,R20,1122110020016KUH50,2,G::TBR::10.00 R 20 JUH5,452.0,452.0,0.0,2026-08-18 01:41,2026-08-29 11:55,274.25,TBR-58-08180141
TBR,2026-08-17,C,17,false,false,68,10.00 R 20 JUH5,10.00 R 20 JW JUH5 - N2 (+1 SKUs),10.00 R 20 JUH5,R20,1122110020016KUH50,2,G::TBR::10.00 R 20 JUH5,452.0,452.0,0.0,2026-08-18 01:41,2026-08-29 11:55,274.25,TBR-68-08180141
TBR,2026-08-17,C,17,false,false,62,10.00 R 20 JUH5,10.00 R 20 JW JUH5 - N2 (+1 SKUs),10.00 R 20 JUH5,R20,1122110020016KUH50,2,G::TBR::10.00 R 20 JUH5,452.0,452.0,0.0,2026-08-18 03:42,2026-08-29 13:56,274.25,TBR-62-08180342
TBR,2026-08-17,C,17,false,false,72,295/80R22.5JDL,295/80R22.5 JDL CURE TYRE (+1 SKUs),"",R22.5,112122982C016MJDL0,2,G::TBR::295/80R22.5JDL,458.0,458.0,0.0,2026-08-18 04:00,2026-08-30 03:06,287.1,TBR-72-08180400
TBR,2026-08-18,A,18,false,false,170,GT 5103 - 295/80R22.5 JUM XM OEM,295/80R22.5 JUM XM OEM (+2 SKUs),22.5,R22.5,112222982C152MJXM0,3,G::TBR::385/65R22.5JUH6,387.0,360.0,27.0,2026-08-18 09:00,2026-08-27 16:07,223.13,TBR-170-08180900
TBR,2026-08-18,A,18,false,false,78,295/80R22.5JUL1,295/80R22.5 JUM (+2 SKUs),"",R22.5,112222982C016MJUM0,3,G::TBR::295/80R22.5JUL1,386.0,336.0,50.0,2026-08-18 09:00,2026-08-28 07:05,238.08,TBR-78-08180900
TBR,2026-08-18,A,18,false,false,59,10.00 R 20 JUH5,10.00 R 20 JW JUH5 - N2 (+1 SKUs),10.00 R 20 JUH5,R20,1122110020016KUH50,2,G::TBR::10.00 R 20 JUH5,452.0,452.0,0.0,2026-08-18 09:24,2026-08-29 19:39,274.25,TBR-59-08180924
TBR,2026-08-18,B,18,false,false,54,GT 5098 - 275/90R20 JDE XF,275/90R20 JETSTEEL JDE XF,"",R20,1121127A20149KDEF0,1,G::TBR::GT 5098 - 275/90R20 JDE XF,428.0,428.0,0.0,2026-08-18 15:19,2026-08-29 11:00,259.68,TBR-54-08181519
TBR,2026-08-18,B,18,false,false,64,8.25R20JDE++,8.25R20JDE++ (+2 SKUs),8.25R20,R20,1121182020016KDEP0,3,G::TBR::8.25R20JDE++,388.0,388.0,0.0,2026-08-18 15:19,2026-08-27 15:12,215.89,TBR-64-08181519
TBR,2026-08-18,C,18,false,false,56,GT 5078 - 295/80R22.5 JUX E,295/80R22.5 JUXe (+5 SKUs),"",R22.5,112222982C016JUXE0,6,G::TBR::GT 5078 - 295/80R22.5 JUX E,355.0,355.0,0.0,2026-08-19 00:00,2026-08-28 06:32,222.54,TBR-56-08190000
TBR,2026-08-19,B,19,false,false,228,8.25R20JUH5,8.25R20JUH5 (+4 SKUs),8.25R20,R20,1122182020016KUH50,5,G::TBR::8.25R20JUH5,365.0,365.0,0.0,2026-08-19 18:36,2026-08-27 18:41,192.08,TBR-228-08191836
TBR,2026-08-20,A,20,false,false,223,9.00 R 20 JUH3,9.00 R 20 JETWAY JUH3 14 PR N2 (+2 SKUs),"",R20,1122190020014KJH30,3,G::TBR::9.00 R 20 JUH3,352.0,352.0,0.0,2026-08-20 07:52,2026-08-27 18:01,178.15,TBR-223-08200752
TBR,2026-08-20,A,20,false,false,222,385/65R22.5JUH6,385/65R22.5 JETWAY JUH6 (+3 SKUs),385/65 R 22.5 JW JUH6,(no rim),115223852C020KUH60,4,G::TBR::385/65R22.5JUH6,447.0,447.0,0.0,2026-08-20 08:38,2026-08-30 18:39,250.02,TBR-222-08200838
TBR,2026-08-20,B,20,false,false,63,GT 5076 - 295/90R20 JDE XF,295/90R20 JDE XF / JS121 (+3 SKUs),295/90R20,R20,1121129A20152JDLF0,4,G::TBR::GT 5076 - 295/90R20 JDE XF,357.0,357.0,0.0,2026-08-20 21:21,2026-08-29 21:58,216.61,TBR-63-08202121
TBR,2026-08-21,A,21,false,false,219,GT 5095 - 11.00R20 JUC3,11.00R20 JUC3 (+1 SKUs),"",R20,1123111020016KJC30,2,G::TBR::GT 5095 - 11.00R20 JUC3,389.0,389.0,0.0,2026-08-21 07:19,2026-08-31 11:10,243.85,TBR-219-08210719
TBR,2026-08-21,A,21,false,false,57,GT 5083 - 295/80R22.5 JUM XM,295/80R22.5 JUM XM (+1 SKUs),22.5,R22.5,112222982C016MJXM0,2,G::TBR::385/65R22.5JUH6,351.0,351.0,0.0,2026-08-21 08:00,2026-08-30 04:57,212.96,TBR-57-08210800
TBR,2026-08-21,A,21,false,false,224,GT 5076 - 295/90R20 JDE XF,295/90R20 JDE XF / JS121 (+3 SKUs),295/90R20,R20,1121129A20152JDLF0,4,G::TBR::GT 5076 - 295/90R20 JDE XF,357.0,357.0,0.0,2026-08-21 14:09,2026-08-30 14:45,216.61,TBR-224-08211409
TBR,2026-08-21,B,21,false,false,225,10.00 R 20 JDE,295/90R20JDE++ (+4 SKUs),R20,R20,1121129A20000JDEP0,5,G::TBR::10.00 R 20 JDE,344.0,344.0,0.0,2026-08-21 20:13,2026-08-30 12:56,208.72,TBR-225-08212013
TBR,2026-08-22,A,22,false,false,221,10.00 R 20 JDE,295/90R20JDE++ (+4 SKUs),R20,R20,1121129A20000JDEP0,5,G::TBR::10.00 R 20 JDE,344.0,344.0,0.0,2026-08-22 08:58,2026-08-31 01:41,208.72,TBR-221-08220858
TBR,2026-08-23,A,23,false,false,151,10.00 R 20 JDE,295/90R20JDE++ (+4 SKUs),R20,R20,1121129A20000JDEP0,5,G::TBR::10.00 R 20 JDE,344.0,317.0,27.0,2026-08-23 08:40,2026-09-01 01:23,208.72,TBR-151-08230840
TBR,2026-08-23,A,23,false,false,176,GT 5075 - 295/90R20 JUH XF,295/90R20 JUH XF / JW 304 (+3 SKUs),295/90R20,R20,1122129A20152JULF0,4,G::TBR::GT 5075 - 295/90R20 JUH XF,361.0,388.0,0.0,2026-08-23 14:41,2026-09-01 07:00,208.299578307942,TBR-176-08231441
TBR,2026-08-23,B,23,false,false,177,10.00 R 20 JUH5,10.00 R 20 JW JUH5 - N2 (+1 SKUs),10.00 R 20 JUH5,R20,1122110020016KUH50,2,G::TBR::10.00 R 20 JUH5,336.0,317.0,27.0,2026-08-23 18:51,2026-09-01 07:00,204.14133404668456,TBR-177-08231851
TBR,2026-08-23,B,23,false,false,200,10.00 R 20 JUH5,10.00 R 20 JW JUH5 - N2 (+1 SKUs),10.00 R 20 JUH5,R20,1122110020016KUH50,2,G::TBR::10.00 R 20 JUH5,336.0,344.0,0.0,2026-08-23 18:51,2026-09-01 07:00,204.14133404668456,TBR-200-08231851
TBR,2026-08-23,B,23,false,false,202,10.00 R 20 JUH5,10.00 R 20 JW JUH5 - N2 (+1 SKUs),10.00 R 20 JUH5,R20,1122110020016KUH50,2,G::TBR::10.00 R 20 JUH5,336.0,344.0,0.0,2026-08-23 18:51,2026-09-01 07:00,204.14133404668456,TBR-202-08231851
TBR,2026-08-23,B,23,false,false,220,10.00 R 20 JUH5,10.00 R 20 JW JUH5 - N2 (+1 SKUs),10.00 R 20 JUH5,R20,1122110020016KUH50,2,G::TBR::10.00 R 20 JUH5,336.0,344.0,0.0,2026-08-23 18:51,2026-09-01 07:00,204.14133404668456,TBR-220-08231851
TBR,2026-08-23,B,23,false,false,159,8.25R20VUH3+,8.25R20_VUH3+_DOT_16PR_K_TT,8.25R20,R20,1152182020016KH3PV,1,G::TBR::8.25R20VUH3+,282.0,282.0,0.0,2026-08-23 19:00,2026-08-29 17:43,142.73,TBR-159-08231900
TBR,2026-08-23,B,23,false,false,172,GT 5114 - 315/80R22.5 JDC XD,315/80R22.5 JETSTEEL JDC XD,"",(no rim),115123182C020KCXD0,1,G::TBR::GT 5114 - 315/80R22.5 JDC XD,306.0,306.0,0.0,2026-08-23 19:00,2026-08-30 22:09,171.15,TBR-172-08231900
TBR,2026-08-23,B,23,false,false,201,11.00R20 JUH5,11.00R20 JUH5 (+2 SKUs),11R20,R20,1122111020016KUH50,3,G::TBR::11.00R20 JUH5,303.0,249.0,54.0,2026-08-23 19:00,2026-08-31 10:50,183.84,TBR-201-08231900
TBR,2026-08-23,B,23,false,false,153,10.00 R 20 JUH5,10.00 R 20 JW JUH5 - N2 (+1 SKUs),10.00 R 20 JUH5,R20,1122110020016KUH50,2,G::TBR::10.00 R 20 JUH5,332.0,344.0,0.0,2026-08-23 21:24,2026-09-01 07:00,201.5893590352723,TBR-153-08232124
TBR,2026-08-23,C,23,false,false,163,GT 5075 - 295/90R20 JUH XF,295/90R20 JUH XF / JW 304 (+3 SKUs),295/90R20,R20,1122129A20152JULF0,4,G::TBR::GT 5075 - 295/90R20 JUH XF,344.0,388.0,0.0,2026-08-24 00:52,2026-09-01 07:00,198.12050011982708,TBR-163-08240052
TBR,2026-08-23,C,23,false,false,174,GT 5076 - 295/90R20 JDE XF,295/90R20 JDE XF / JS121 (+3 SKUs),295/90R20,R20,1121129A20152JDLF0,4,G::TBR::GT 5076 - 295/90R20 JDE XF,327.0,356.0,0.0,2026-08-24 00:52,2026-09-01 07:00,198.12375095486848,TBR-174-08240052
TBR,2026-08-23,C,23,false,false,175,GT 5096 - 11.00R20 JDC XD,11.00R20 JDC XD (+2 SKUs),"",R20,1121111020016KCXD0,3,G::TBR::GT 5096 - 11.00R20 JDC XD,316.0,348.0,0.0,2026-08-24 00:52,2026-09-01 07:00,198.12424044862556,TBR-175-08240052
TBR,2026-08-24,A,24,false,false,154,10.00 R 20 JUH5,10.00 R 20 JW JUH5 - N2 (+1 SKUs),10.00 R 20 JUH5,R20,1122110020016KUH50,2,G::TBR::10.00 R 20 JUH5,311.0,344.0,0.0,2026-08-24 10:06,2026-09-01 07:00,188.8880957913607,TBR-154-08241006
TBR,2026-08-24,A,24,false,false,152,10.00R 20 JW302,295/90R20JUCXM (+1 SKUs),10R20,R20,1123129A20152JUCM0,2,G::TBR::10.00R 20 JW302,265.0,265.0,0.0,2026-08-24 10:12,2026-08-31 08:19,166.12,TBR-152-08241012
TBR,2026-08-24,A,24,false,false,168,8.25R20JDE++,8.25R20JDE++ (+2 SKUs),8.25R20,R20,1121182020016KDEP0,3,G::TBR::8.25R20JDE++,261.0,261.0,0.0,2026-08-24 11:11,2026-08-30 12:25,145.23,TBR-168-08241111
TBR,2026-08-24,B,24,false,false,167,GT 5076 - 295/90R20 JDE XF,295/90R20 JDE XF / JS121 (+3 SKUs),295/90R20,R20,1121129A20152JDLF0,4,G::TBR::GT 5076 - 295/90R20 JDE XF,240.0,213.0,27.0,2026-08-24 15:00,2026-08-30 16:37,145.62,TBR-167-08241500
TBR,2026-08-24,C,24,false,false,162,8.25R20JUH5,8.25R20JUH5 (+4 SKUs),8.25R20,R20,1122182020016KUH50,5,G::TBR::8.25R20JUH5,246.0,246.0,0.0,2026-08-25 00:42,2026-08-30 10:10,129.46,TBR-162-08250042
TBR,2026-08-24,C,24,false,false,166,GT 5103 - 295/80R22.5 JUM XM OEM,295/80R22.5 JUM XM OEM (+2 SKUs),22.5,R22.5,112222982C152MJXM0,3,G::TBR::385/65R22.5JUH6,261.0,261.0,0.0,2026-08-25 01:49,2026-08-31 08:17,150.48,TBR-166-08250149
TBR,2026-08-25,A,25,false,false,161,GT 5103 - 295/80R22.5 JUM XM OEM,295/80R22.5 JUM XM OEM (+2 SKUs),22.5,R22.5,112222982C152MJXM0,3,G::TBR::385/65R22.5JUH6,261.0,232.0,29.0,2026-08-25 08:30,2026-08-31 14:59,150.48,TBR-161-08250830
TBR,2026-08-25,A,25,false,false,81,255/70R22.5JTH1,255/70 R 22.5 JETWAY JTH1 (+1 SKUs),255/70 R 22.5,R22.5,115222562C016MTH10,2,G::TBR::255/70R22.5JTH1,252.0,190.0,62.0,2026-08-25 09:12,2026-08-30 21:49,132.61,TBR-81-08250912
TBR,2026-08-25,A,25,false,false,157,GT 5075 - 295/90R20 JUH XF,295/90R20 JUH XF / JW 304 (+3 SKUs),295/90R20,R20,1122129A20152JULF0,4,G::TBR::GT 5075 - 295/90R20 JUH XF,261.0,261.0,0.0,2026-08-25 09:39,2026-08-31 16:08,150.48,TBR-157-08250939
TBR,2026-08-25,A,25,false,false,165,GT 5096 - 11.00R20 JDC XD,11.00R20 JDC XD (+2 SKUs),"",R20,1121111020016KCXD0,3,G::TBR::GT 5096 - 11.00R20 JDC XD,234.0,234.0,0.0,2026-08-25 10:00,2026-08-31 12:41,146.69,TBR-165-08251000
TBR,2026-08-26,A,26,false,false,79,295/80R22.5JUL1,295/80R22.5 JUM (+2 SKUs),"",R22.5,112222982C016MJUM0,3,G::TBR::295/80R22.5JUL1,231.0,260.0,0.0,2026-08-26 08:23,2026-09-01 07:00,142.61169837041246,TBR-79-08260823
TBR,2026-08-26,B,26,false,false,226,8.25R20JUH3+,8.25R20JUH3+,8.25R20,(no rim),1122182020016KH3P0,1,G::TBR::8.25R20JUH3+,213.0,213.0,0.0,2026-08-26 15:04,2026-08-31 14:12,119.14,TBR-226-08261504
TBR,2026-08-26,B,26,false,false,134,295/80R22.5JDL,295/80R22.5 JDL CURE TYRE (+1 SKUs),"",R22.5,112122982C016MJDL0,2,G::TBR::295/80R22.5JDL,191.0,191.0,0.0,2026-08-26 17:28,2026-08-31 17:12,119.73,TBR-134-08261728
TBR,2026-08-26,B,26,false,false,80,GT 5096 - 11.00R20 JDC XD,11.00R20 JDC XD (+2 SKUs),"",R20,1121111020016KCXD0,3,G::TBR::GT 5096 - 11.00R20 JDC XD,211.0,234.0,0.0,2026-08-26 18:32,2026-09-01 07:00,132.46318006393116,TBR-80-08261832
TBR,2026-08-27,B,27,false,false,149,GT 5076 - 295/90R20 JDE XF,295/90R20 JDE XF / JS121 (+3 SKUs),295/90R20,R20,1121129A20152JDLF0,4,G::TBR::GT 5076 - 295/90R20 JDE XF,183.0,240.0,0.0,2026-08-27 15:52,2026-09-01 07:00,111.12399838999201,TBR-149-08271552
TBR,2026-08-27,B,27,false,false,64,10.00 R 20 JDE,295/90R20JDE++ (+4 SKUs),R20,R20,1121129A20000JDEP0,5,G::TBR::10.00 R 20 JDE,174.0,231.0,0.0,2026-08-27 21:13,2026-09-01 07:00,105.769879142702,TBR-64-08272113
TBR,2026-08-27,B,27,false,false,170,GT 5078 - 295/80R22.5 JUX E,295/80R22.5 JUXe (+5 SKUs),"",R22.5,112222982C016JUXE0,6,G::TBR::GT 5078 - 295/80R22.5 JUX E,167.0,239.0,0.0,2026-08-27 22:08,2026-09-01 07:00,104.85797219250543,TBR-170-08272208
TBR,2026-08-27,C,27,false,false,55,10.00 R 20 JDE,295/90R20JDE++ (+4 SKUs),R20,R20,1121129A20000JDEP0,5,G::TBR::10.00 R 20 JDE,171.0,231.0,0.0,2026-08-27 23:00,2026-09-01 07:00,103.99899667434329,TBR-55-08272300
TBR,2026-08-27,C,27,false,false,223,10.00 R 20 JDE,295/90R20JDE++ (+4 SKUs),R20,R20,1121129A20000JDEP0,5,G::TBR::10.00 R 20 JDE,170.0,231.0,0.0,2026-08-28 00:02,2026-09-01 07:00,102.95341210792728,TBR-223-08280002
TBR,2026-08-27,C,27,false,false,228,9.00 R 20 JUH5,9.00R20 JW JUH5 16PR (+2 SKUs),"",R20,1122190020016KUH50,3,G::TBR::9.00 R 20 JUH5,184.0,225.0,0.0,2026-08-28 00:42,2026-09-01 07:00,102.29789973951978,TBR-228-08280042
TBR,2026-08-27,C,27,false,false,173,GT 5095 - 11.00R20 JUC3,11.00R20 JUC3 (+1 SKUs),"",R20,1123111020016KJC30,2,G::TBR::GT 5095 - 11.00R20 JUC3,160.0,274.0,0.0,2026-08-28 02:56,2026-09-01 07:00,100.06388888888888,TBR-173-08280256
TBR,2026-08-27,C,27,false,false,60,10.00 R 20 JDE,295/90R20JDE++ (+4 SKUs),R20,R20,1121129A20000JDEP0,5,G::TBR::10.00 R 20 JDE,159.0,231.0,0.0,2026-08-28 06:20,2026-09-01 07:00,96.6574040851273,TBR-60-08280620
TBR,2026-08-28,A,28,false,false,56,10.00 R 20 JUH5,10.00 R 20 JW JUH5 - N2 (+1 SKUs),10.00 R 20 JUH5,R20,1122110020016KUH50,2,G::TBR::10.00 R 20 JUH5,149.0,231.0,0.0,2026-08-28 12:33,2026-09-01 07:00,90.45000963211656,TBR-56-08281233
TBR,2026-08-28,A,28,false,false,78,GT 5083 - 295/80R22.5 JUM XM,295/80R22.5 JUM XM (+1 SKUs),22.5,R22.5,112222982C016MJXM0,2,G::TBR::385/65R22.5JUH6,148.0,236.0,0.0,2026-08-28 13:06,2026-09-01 07:00,89.89861111111111,TBR-78-08281306
TBR,2026-08-28,B,28,false,false,70,10.00 R 20 JUH5,10.00 R 20 JW JUH5 - N2 (+1 SKUs),10.00 R 20 JUH5,R20,1122110020016KUH50,2,G::TBR::10.00 R 20 JUH5,135.0,231.0,0.0,2026-08-28 21:17,2026-09-01 07:00,81.70726705538664,TBR-70-08282117
TBR,2026-08-28,B,28,false,false,227,10.00 R 20 JUH5,10.00 R 20 JW JUH5 - N2 (+1 SKUs),10.00 R 20 JUH5,R20,1122110020016KUH50,2,G::TBR::10.00 R 20 JUH5,134.0,231.0,0.0,2026-08-28 21:58,2026-09-01 07:00,81.02419254719935,TBR-227-08282158
TBR,2026-08-28,B,28,false,false,150,10.00 R 20 JUH5,10.00 R 20 JW JUH5 - N2 (+1 SKUs),10.00 R 20 JUH5,R20,1122110020016KUH50,2,G::TBR::10.00 R 20 JUH5,133.0,231.0,0.0,2026-08-28 22:17,2026-09-01 07:00,80.7097393779159,TBR-150-08282217
TBR,2026-08-28,C,28,false,false,71,10.00 R 20 JUH5,10.00 R 20 JW JUH5 - N2 (+1 SKUs),10.00 R 20 JUH5,R20,1122110020016KUH50,2,G::TBR::10.00 R 20 JUH5,124.0,231.0,0.0,2026-08-29 03:59,2026-09-01 07:00,75.00735893705829,TBR-71-08290359
TBR,2026-08-28,C,28,false,false,74,10.00R20JUC,10.00 R 20 JUC,20,R20,1123110020016KJUC0,1,G::TBR::10.00R20JUC,124.0,192.0,0.0,2026-08-29 03:59,2026-09-01 07:00,75.00313158120636,TBR-74-08290359
TBR,2026-08-28,C,28,false,false,75,9.00 R 20 JDE++,9.00 R 20 JDE++ (+1 SKUs),9R20,R20,1121190020016KDEP0,2,G::TBR::9.00 R 20 JDE++,124.0,199.0,0.0,2026-08-29 03:59,2026-09-01 07:00,75.00493266093966,TBR-75-08290359
TBR,2026-08-29,A,29,false,false,136,10.00 R 20 JDE,295/90R20JDE++ (+4 SKUs),R20,R20,1121129A20000JDEP0,5,G::TBR::10.00 R 20 JDE,113.0,116.0,27.0,2026-08-29 10:17,2026-09-01 07:00,68.69847170463714,TBR-136-08291017
TBR,2026-08-29,A,29,false,false,142,10.00 R 20 JDE,295/90R20JDE++ (+4 SKUs),R20,R20,1121129A20000JDEP0,5,G::TBR::10.00 R 20 JDE,113.0,116.0,27.0,2026-08-29 10:17,2026-09-01 07:00,68.69847170463714,TBR-142-08291017
TBR,2026-08-29,A,29,false,false,76,385/65R22.5JUH6,385/65R22.5 JETWAY JUH6 (+3 SKUs),385/65 R 22.5 JW JUH6,(no rim),115223852C020KUH60,4,G::TBR::385/65R22.5JUH6,121.0,125.0,62.0,2026-08-29 11:03,2026-09-01 07:00,67.94014004047443,TBR-76-08291103
TBR,2026-08-29,A,29,false,false,73,10.00R 20 JW302,295/90R20JUCXM (+1 SKUs),10R20,R20,1123129A20152JUCM0,2,G::TBR::10.00R 20 JW302,103.0,164.0,0.0,2026-08-29 14:18,2026-09-01 07:00,64.69380481979145,TBR-73-08291418
TBR,2026-08-29,B,29,false,false,145,GT 5075 - 295/90R20 JUH XF,295/90R20 JUH XF / JW 304 (+3 SKUs),295/90R20,R20,1122129A20152JULF0,4,G::TBR::GT 5075 - 295/90R20 JUH XF,110.0,162.0,0.0,2026-08-29 15:42,2026-09-01 07:00,63.290358192265145,TBR-145-08291542
TBR,2026-08-29,B,29,false,false,146,GT 5096 - 11.00R20 JDC XD,11.00R20 JDC XD (+2 SKUs),"",R20,1121111020016KCXD0,3,G::TBR::GT 5096 - 11.00R20 JDC XD,101.0,145.0,0.0,2026-08-29 15:42,2026-09-01 07:00,63.28782296979717,TBR-146-08291542
TBR,2026-08-29,B,29,false,false,147,10.00 R 20 JDE,295/90R20JDE++ (+4 SKUs),R20,R20,1121129A20000JDEP0,5,G::TBR::10.00 R 20 JDE,104.0,143.0,0.0,2026-08-29 15:42,2026-09-01 07:00,63.288679549733,TBR-147-08291542
TBR,2026-08-29,B,29,false,false,148,GT 5075 - 295/90R20 JUH XF,295/90R20 JUH XF / JW 304 (+3 SKUs),295/90R20,R20,1122129A20152JULF0,4,G::TBR::GT 5075 - 295/90R20 JUH XF,110.0,162.0,0.0,2026-08-29 15:42,2026-09-01 07:00,63.290358192265145,TBR-148-08291542
TBR,2026-08-29,B,29,false,false,54,8.25R20JDE++,8.25R20JDE++ (+2 SKUs),8.25R20,R20,1121182020016KDEP0,3,G::TBR::8.25R20JDE++,111.0,162.0,0.0,2026-08-29 17:01,2026-09-01 07:00,61.97645826913358,TBR-54-08291701
TBR,2026-08-29,B,29,false,false,229,GT 5076 - 295/90R20 JDE XF,295/90R20 JDE XF / JS121 (+3 SKUs),295/90R20,R20,1121129A20152JDLF0,4,G::TBR::GT 5076 - 295/90R20 JDE XF,101.0,122.0,27.0,2026-08-29 17:56,2026-09-01 07:00,61.04783916571671,TBR-229-08291756
TBR,2026-08-29,B,29,false,false,58,GT 5103 - 295/80R22.5 JUM XM OEM,295/80R22.5 JUM XM OEM (+2 SKUs),22.5,R22.5,112222982C152MJXM0,3,G::TBR::385/65R22.5JUH6,106.0,162.0,0.0,2026-08-29 17:56,2026-09-01 07:00,61.04955151616089,TBR-58-08291756
TBR,2026-08-29,B,29,false,false,68,GT 5076 - 295/90R20 JDE XF,295/90R20 JDE XF / JS121 (+3 SKUs),295/90R20,R20,1121129A20152JDLF0,4,G::TBR::GT 5076 - 295/90R20 JDE XF,101.0,149.0,0.0,2026-08-29 17:56,2026-09-01 07:00,61.04783916571671,TBR-68-08291756
TBR,2026-08-29,B,29,false,false,69,GT 5078 - 295/80R22.5 JUX E,295/80R22.5 JUXe (+5 SKUs),"",R22.5,112222982C016JUXE0,6,G::TBR::GT 5078 - 295/80R22.5 JUX E,95.0,148.0,0.0,2026-08-29 19:43,2026-09-01 07:00,59.280239407648715,TBR-69-08291943
TBR,2026-08-29,B,29,false,false,62,GT 5079 - 255/70R22.5 JUX E,255/70R22.5 JUXe 140/137 M (+2 SKUs),22.5,R22.5,112222562C016MUXE0,3,G::TBR::GT 5079 - 255/70R22.5 JUX E,94.0,157.0,52.0,2026-08-29 19:57,2026-09-01 07:00,59.0354698187215,TBR-62-08291957
TBR,2026-08-29,B,29,false,false,63,GT 5076 - 295/90R20 JDE XF,295/90R20 JDE XF / JS121 (+3 SKUs),295/90R20,R20,1121129A20152JDLF0,4,G::TBR::GT 5076 - 295/90R20 JDE XF,94.0,149.0,0.0,2026-08-29 21:58,2026-09-01 07:00,57.028555275262484,TBR-63-08292158
TBR,2026-08-29,C,29,false,false,159,8.25R20JUH5,8.25R20JUH5 (+4 SKUs),8.25R20,R20,1122182020016KUH50,5,G::TBR::8.25R20JUH5,105.0,90.0,62.0,2026-08-29 23:44,2026-09-01 07:00,55.25901503339016,TBR-159-08292344
TBR,2026-08-29,C,29,false,false,59,GT 5083 - 295/80R22.5 JUM XM,295/80R22.5 JUM XM (+1 SKUs),22.5,R22.5,112222982C016MJXM0,2,G::TBR::385/65R22.5JUH6,88.0,146.0,0.0,2026-08-30 01:40,2026-09-01 07:00,53.33032590051457,TBR-59-08300140
TBR,2026-08-29,C,29,false,false,77,10.00 R 20 JUH5,10.00 R 20 JW JUH5 - N2 (+1 SKUs),10.00 R 20 JUH5,R20,1122110020016KUH50,2,G::TBR::10.00 R 20 JUH5,86.0,143.0,0.0,2026-08-30 02:57,2026-09-01 07:00,52.04550040339622,TBR-77-08300257
TBR,2026-08-30,A,30,false,false,61,295/80R22.5JUL1,295/80R22.5 JUM (+2 SKUs),"",R22.5,112222982C016MJUM0,3,G::TBR::295/80R22.5JUL1,70.0,70.0,0.0,2026-08-30 07:08,2026-09-01 02:18,43.18,TBR-61-08300708
TBR,2026-08-30,A,30,false,false,72,GT 5117 - 10.00R20 CUC (BD),10.00R20 CUC - Bangladesh,"",R20,1153110020016KCUC1,1,G::TBR::GT 5117 - 10.00R20 CUC (BD),76.0,131.0,0.0,2026-08-30 09:07,2026-09-01 07:00,45.8791124531256,TBR-72-08300907
TBR,2026-08-30,A,30,false,false,57,10.00 R 20 JUH5,10.00 R 20 JW JUH5 - N2 (+1 SKUs),10.00 R 20 JUH5,R20,1122110020016KUH50,2,G::TBR::10.00 R 20 JUH5,73.0,143.0,0.0,2026-08-30 10:58,2026-09-01 07:00,44.016642206769376,TBR-57-08301058
TBR,2026-08-30,B,30,false,false,162,8.25R20JDE++,8.25R20JDE++ (+2 SKUs),8.25R20,R20,1121182020016KDEP0,3,G::TBR::8.25R20JDE++,70.0,71.0,0.0,2026-08-30 16:11,2026-09-01 07:00,38.817154026803166,TBR-162-08301611
TBR,2026-08-30,B,30,false,false,137,10.00 R 20 JUH5,10.00 R 20 JW JUH5 - N2 (+1 SKUs),10.00 R 20 JUH5,R20,1122110020016KUH50,2,G::TBR::10.00 R 20 JUH5,63.0,143.0,0.0,2026-08-30 17:00,2026-09-01 07:00,37.99576241884053,TBR-137-08301700
TBR,2026-08-30,B,30,false,false,168,10.00 R 20 JUH5,10.00 R 20 JW JUH5 - N2 (+1 SKUs),10.00 R 20 JUH5,R20,1122110020016KUH50,2,G::TBR::10.00 R 20 JUH5,60.0,143.0,0.0,2026-08-30 18:26,2026-09-01 07:00,36.56220638518575,TBR-168-08301826
TBR,2026-08-30,B,30,false,false,225,10.00 R 20 JUH5,10.00 R 20 JW JUH5 - N2 (+1 SKUs),10.00 R 20 JUH5,R20,1122110020016KUH50,2,G::TBR::10.00 R 20 JUH5,59.0,143.0,0.0,2026-08-30 18:57,2026-09-01 07:00,36.03722655499635,TBR-225-08301857
TBR,2026-08-30,B,30,false,false,224,10.00R 20 JW302,295/90R20JUCXM (+1 SKUs),10R20,R20,1123129A20152JUCM0,2,G::TBR::10.00R 20 JW302,55.0,72.0,0.0,2026-08-30 20:46,2026-09-01 07:00,34.21538496571928,TBR-224-08302046
TBR,2026-08-30,C,30,false,false,65,GT 5095 - 11.00R20 JUC3,11.00R20 JUC3 (+1 SKUs),"",R20,1123111020016KJC30,2,G::TBR::GT 5095 - 11.00R20 JUC3,39.0,153.0,0.0,2026-08-31 06:42,2026-09-01 07:00,24.284514778075444,TBR-65-08310642
TBR,2026-08-31,A,31,false,false,166,GT 5103 - 295/80R22.5 JUM XM OEM,295/80R22.5 JUM XM OEM (+2 SKUs),22.5,R22.5,112222982C152MJXM0,3,G::TBR::385/65R22.5JUH6,39.0,42.0,29.0,2026-08-31 08:17,2026-09-01 07:00,22.703883935236075,TBR-166-08310817
TBR,2026-08-31,A,31,false,false,219,GT 5095 - 11.00R20 JUC3,11.00R20 JUC3 (+1 SKUs),"",R20,1123111020016KJC30,2,G::TBR::GT 5095 - 11.00R20 JUC3,32.0,123.0,0.0,2026-08-31 11:10,2026-09-01 07:00,19.824555613998427,TBR-219-08311110
TBR,2026-08-31,A,31,false,false,141,GT 5075 - 295/90R20 JUH XF,295/90R20 JUH XF / JW 304 (+3 SKUs),295/90R20,R20,1122129A20152JULF0,4,G::TBR::GT 5075 - 295/90R20 JUH XF,33.0,71.0,0.0,2026-08-31 11:43,2026-09-01 07:00,19.276798718836094,TBR-141-08311143
