plant,press,from_gt,to_gt,start_ts,end_ts,minutes,crew,same_rim,day,shift,spans_boundary,plant_day,cal_date,date
PCR,119,GT 1503 NEO MSIL,GT1915 LT XPC1,2026-08-27 06:13,2026-08-27 12:13,360.0,3,false,26,C,true,26,2026-08-27,2026-08-26
PCR,120,GT 1482 UHL,GT 2247 LEVI,2026-08-27 07:09,2026-08-27 13:09,360.0,3,false,27,A,false,27,2026-08-27,2026-08-27
PCR,121,GT 2267 ROYL HYU,GT 1844 XPC TML,2026-08-26 13:23,2026-08-26 19:23,360.0,3,false,26,A,true,26,2026-08-26,2026-08-26
PCR,122,GT 1995 ROYL KIA,GT 1925 XPC1,2026-08-27 09:38,2026-08-27 15:38,360.0,3,true,27,A,true,27,2026-08-27,2026-08-27
PCR,123,GT 1503 NEO MSIL,GT 1844 XPC TML,2026-08-30 16:25,2026-08-30 22:25,360.0,3,false,30,B,false,30,2026-08-30,2026-08-30
PCR,124,GT 1765 ROYL,GT 3125 RAN MT,2026-08-23 22:00,2026-08-24 04:00,360.0,3,true,23,B,true,23,2026-08-23,2026-08-23
PCR,126,GT 2568 HT2,GT 1844 XPC TML,2026-08-25 06:04,2026-08-25 12:04,360.0,3,false,24,C,true,24,2026-08-25,2026-08-24
PCR,127,GT 1634 XPC TATA,GT 1513 XPC1 MSIL,2026-08-25 12:10,2026-08-25 18:10,360.0,3,false,25,A,true,25,2026-08-25,2026-08-25
TBR,134,295/80R22.5JUL1,295/80R22.5JDL,2026-08-26 11:27,2026-08-26 17:28,361.0,3,true,26,A,true,26,2026-08-26,2026-08-26
TBR,137,8.25R20JDE++,10.00 R 20 JUH5,2026-08-30 10:59,2026-08-30 17:00,361.0,3,true,30,A,true,30,2026-08-30,2026-08-30
TBR,145,10.00 R 20 JUH5,GT 5075 - 295/90R20 JUH XF,2026-08-29 09:41,2026-08-29 15:42,361.0,3,true,29,A,true,29,2026-08-29,2026-08-29
TBR,146,10.00 R 20 JUH5,GT 5096 - 11.00R20 JDC XD,2026-08-29 09:41,2026-08-29 15:42,361.0,3,true,29,A,true,29,2026-08-29,2026-08-29
TBR,147,10.00 R 20 JUH5,10.00 R 20 JDE,2026-08-29 09:41,2026-08-29 15:42,361.0,3,true,29,A,true,29,2026-08-29,2026-08-29
TBR,148,10.00 R 20 JUH5,GT 5075 - 295/90R20 JUH XF,2026-08-29 09:41,2026-08-29 15:42,361.0,3,true,29,A,true,29,2026-08-29,2026-08-29
TBR,149,10.00R 20 JW302,GT 5076 - 295/90R20 JDE XF,2026-08-27 09:51,2026-08-27 15:52,361.0,3,true,27,A,true,27,2026-08-27,2026-08-27
TBR,150,8.25R20JUH5,10.00 R 20 JUH5,2026-08-28 16:16,2026-08-28 22:17,361.0,3,true,28,B,false,28,2026-08-28,2026-08-28
TBR,152,8.25R20JDE++,10.00R 20 JW302,2026-08-24 04:11,2026-08-24 10:12,361.0,3,true,23,C,true,23,2026-08-24,2026-08-23
TBR,153,9.00 R 20 JUH5,10.00 R 20 JUH5,2026-08-23 15:23,2026-08-23 21:24,361.0,3,true,23,B,false,23,2026-08-23,2026-08-23
TBR,154,GT 5076 - 295/90R20 JDE XF,10.00 R 20 JUH5,2026-08-24 04:05,2026-08-24 10:06,361.0,3,true,23,C,true,23,2026-08-24,2026-08-23
TBR,159,8.25R20JUH5,8.25R20VUH3+,2026-08-23 12:59,2026-08-23 19:00,361.0,3,true,23,A,true,23,2026-08-23,2026-08-23
TBR,159,8.25R20VUH3+,8.25R20JUH5,2026-08-29 17:43,2026-08-29 23:44,361.0,3,true,29,B,true,29,2026-08-29,2026-08-29
TBR,162,GT 5096 - 11.00R20 JDC XD,8.25R20JUH5,2026-08-24 18:41,2026-08-25 00:42,361.0,3,true,24,B,true,24,2026-08-24,2026-08-24
TBR,162,8.25R20JUH5,8.25R20JDE++,2026-08-30 10:10,2026-08-30 16:11,361.0,3,true,30,A,true,30,2026-08-30,2026-08-30
TBR,163,10.00 R 20 JDE,GT 5075 - 295/90R20 JUH XF,2026-08-23 18:51,2026-08-24 00:52,361.0,3,true,23,B,true,23,2026-08-23,2026-08-23
TBR,166,GT 5078 - 295/80R22.5 JUX E,GT 5103 - 295/80R22.5 JUM XM OEM,2026-08-24 19:48,2026-08-25 01:49,361.0,3,true,24,B,true,24,2026-08-24,2026-08-24
TBR,168,GT 5083 - 295/80R22.5 JUM XM,8.25R20JDE++,2026-08-24 05:10,2026-08-24 11:11,361.0,3,false,23,C,true,23,2026-08-24,2026-08-23
TBR,168,8.25R20JDE++,10.00 R 20 JUH5,2026-08-30 12:25,2026-08-30 18:26,361.0,3,true,30,A,true,30,2026-08-30,2026-08-30
TBR,170,GT 5103 - 295/80R22.5 JUM XM OEM,GT 5078 - 295/80R22.5 JUX E,2026-08-27 16:07,2026-08-27 22:08,361.0,3,true,27,B,false,27,2026-08-27,2026-08-27
TBR,172,295/80R22.5JDL,GT 5114 - 315/80R22.5 JDC XD,2026-08-23 12:59,2026-08-23 19:00,361.0,3,false,23,A,true,23,2026-08-23,2026-08-23
TBR,174,10.00 R 20 JDE,GT 5076 - 295/90R20 JDE XF,2026-08-23 18:51,2026-08-24 00:52,361.0,3,true,23,B,true,23,2026-08-23,2026-08-23
TBR,175,10.00 R 20 JDE,GT 5096 - 11.00R20 JDC XD,2026-08-23 18:51,2026-08-24 00:52,361.0,3,true,23,B,true,23,2026-08-23,2026-08-23
TBR,176,10.00 R 20 JUH5,GT 5075 - 295/90R20 JUH XF,2026-08-23 08:40,2026-08-23 14:41,361.0,3,true,23,A,false,23,2026-08-23,2026-08-23
PCR,184,GT 2267 ROYL HYU,GT 1894 MAX,2026-08-23 21:05,2026-08-24 03:05,360.0,3,false,23,B,true,23,2026-08-23,2026-08-23
PCR,185,GT 2267 ROYL HYU,GT 2476 SUP MM,2026-08-23 21:05,2026-08-24 03:05,360.0,3,false,23,B,true,23,2026-08-23,2026-08-23
PCR,185,GT 2476 SUP MM,GT 1634 XPC TATA,2026-08-30 16:51,2026-08-30 22:51,360.0,3,false,30,B,false,30,2026-08-30,2026-08-30
PCR,187,GT 1765 ROYL,GT 1975 UX1 EXP,2026-08-16 00:54,2026-08-16 06:54,360.0,3,false,15,C,false,15,2026-08-16,2026-08-15
PCR,187,GT 1975 UX1 EXP,GT 2267 ROYL HYU,2026-08-27 21:25,2026-08-28 03:25,360.0,3,false,27,B,true,27,2026-08-27,2026-08-27
PCR,187,GT 2267 ROYL HYU,GT 2568 HT2,2026-09-01 02:03,2026-09-01 08:03,360.0,3,false,31,C,true,31,2026-09-01,2026-08-31
PCR,189,GT 1513 XPC1 MSIL,GT 2568 HT2,2026-08-23 02:15,2026-08-23 08:15,360.0,3,false,22,C,true,22,2026-08-23,2026-08-22
PCR,189,GT 2568 HT2,GT 2568 RAN AT,2026-08-30 05:21,2026-08-30 11:21,360.0,3,true,29,C,true,29,2026-08-30,2026-08-29
PCR,191,GT 1402 XPC TATA,GT 2267 ROYL HYU,2026-08-27 03:59,2026-08-27 09:59,360.0,3,false,26,C,true,26,2026-08-27,2026-08-26
PCR,191,GT 2267 ROYL HYU,GT 1402 XPC TATA,2026-08-31 08:37,2026-08-31 14:37,360.0,3,false,31,A,false,31,2026-08-31,2026-08-31
PCR,192,GT 1995 ROYL KIA,GT 1765 ROYL,2026-08-17 16:33,2026-08-17 22:33,360.0,3,true,17,B,false,17,2026-08-17,2026-08-17
PCR,192,GT 1765 ROYL,GT 2157 ROYL KIA,2026-08-24 10:28,2026-08-24 16:28,360.0,3,false,24,A,true,24,2026-08-24,2026-08-24
PCR,193,GT 1513 XPC1 MSIL,GT 1844 XPC TML,2026-08-23 02:15,2026-08-23 08:15,360.0,3,false,22,C,true,22,2026-08-23,2026-08-22
PCR,194,GT 2258 RAN HPE,GT 2476 SUP MM,2026-08-24 21:22,2026-08-25 03:22,360.0,3,false,24,B,true,24,2026-08-24,2026-08-24
PCR,194,GT 2476 SUP MM,GT2776 RAN AT,2026-08-31 17:08,2026-08-31 23:08,360.0,3,true,31,B,true,31,2026-08-31,2026-08-31
PCR,195,GT 2158 ROYL HYU,GT1914 XPC1,2026-08-24 16:56,2026-08-24 22:56,360.0,3,false,24,B,false,24,2026-08-24,2026-08-24
PCR,196,GT 1513 XPC1 MSIL,GT 2267 ROYL HYU,2026-08-23 02:15,2026-08-23 08:15,360.0,3,false,22,C,true,22,2026-08-23,2026-08-22
PCR,196,GT 2267 ROYL HYU,GT 1513 XPC1 MSIL,2026-08-29 22:04,2026-08-30 04:04,360.0,3,false,29,B,true,29,2026-08-29,2026-08-29
PCR,197,GT 2476 SUP MM,GT 2258 RAN HPE,2026-08-23 08:59,2026-08-23 14:59,360.0,3,false,23,A,false,23,2026-08-23,2026-08-23
PCR,197,GT 2258 RAN HPE,GT 2158 ROYL HYU,2026-08-30 09:33,2026-08-30 15:33,360.0,3,true,30,A,true,30,2026-08-30,2026-08-30
PCR,198,GT 1995 ROYL KIA,GT 2267 ROYL HYU,2026-08-17 16:33,2026-08-17 22:33,360.0,3,false,17,B,false,17,2026-08-17,2026-08-17
PCR,198,GT 2267 ROYL HYU,GT 2267 ROYL PG,2026-08-24 12:21,2026-08-24 18:21,360.0,3,true,24,A,true,24,2026-08-24,2026-08-24
PCR,198,GT 2267 ROYL PG,GT 2258 RAN HPE,2026-08-29 16:21,2026-08-29 22:21,360.0,3,false,29,B,false,29,2026-08-29,2026-08-29
TBR,201,9.00 R 20 JDE++,11.00R20 JUH5,2026-08-23 12:59,2026-08-23 19:00,361.0,3,true,23,A,true,23,2026-08-23,2026-08-23
PCR,203,GT 1503 NEO MSIL,GT 1402 XPC TATA,2026-08-24 01:21,2026-08-24 07:21,360.0,3,false,23,C,true,23,2026-08-24,2026-08-23
PCR,205,GT 1583 NEO TATA,GT 2576 EZO TATA,2026-08-31 01:02,2026-08-31 07:02,360.0,3,false,30,C,true,30,2026-08-31,2026-08-30
PCR,206,GT 1513 XPC1 MSIL,GT 2668 RAN HTP,2026-08-23 14:07,2026-08-23 20:07,360.0,3,false,23,A,true,23,2026-08-23,2026-08-23
PCR,207,GT 1402 XPC TATA,GT 1513 XPC1 MSIL,2026-08-24 09:53,2026-08-24 15:53,360.0,3,false,24,A,true,24,2026-08-24,2026-08-24
PCR,207,GT 1513 XPC1 MSIL,GT 1402 XPC TATA,2026-08-31 03:39,2026-08-31 09:39,360.0,3,false,30,C,true,30,2026-08-31,2026-08-30
PCR,208,GT 1765 ROYL,GT 2158 ROYL HYU,2026-08-16 00:54,2026-08-16 06:54,360.0,3,false,15,C,false,15,2026-08-16,2026-08-15
PCR,210,GT 2267 ROYL HYU,GT 2158 ROYL HYU,2026-08-26 01:27,2026-08-26 07:27,360.0,3,false,25,C,true,25,2026-08-26,2026-08-25
PCR,211,GT 1402 XPC TATA,GT 1482 UHL,2026-08-24 09:53,2026-08-24 15:53,360.0,3,true,24,A,true,24,2026-08-24,2026-08-24
PCR,212,GT 2267 ROYL HYU,GT 1402 XPC TATA,2026-08-26 01:27,2026-08-26 07:27,360.0,3,false,25,C,true,25,2026-08-26,2026-08-25
TBR,221,10.00R20JUC,10.00 R 20 JDE,2026-08-22 02:57,2026-08-22 08:58,361.0,3,true,21,C,true,21,2026-08-22,2026-08-21
TBR,223,10.00R 20 JW302,9.00 R 20 JUH3,2026-08-20 01:51,2026-08-20 07:52,361.0,3,true,19,C,true,19,2026-08-20,2026-08-19
TBR,223,9.00 R 20 JUH3,10.00 R 20 JDE,2026-08-27 18:01,2026-08-28 00:02,361.0,3,true,27,B,true,27,2026-08-27,2026-08-27
TBR,224,295/90R20JDCXD,GT 5076 - 295/90R20 JDE XF,2026-08-21 08:08,2026-08-21 14:09,361.0,3,true,21,A,false,21,2026-08-21,2026-08-21
TBR,224,GT 5076 - 295/90R20 JDE XF,10.00R 20 JW302,2026-08-30 14:45,2026-08-30 20:46,361.0,3,true,30,A,true,30,2026-08-30,2026-08-30
TBR,225,11.00R20 JUH5,10.00 R 20 JDE,2026-08-21 14:12,2026-08-21 20:13,361.0,3,true,21,A,true,21,2026-08-21,2026-08-21
TBR,225,10.00 R 20 JDE,10.00 R 20 JUH5,2026-08-30 12:56,2026-08-30 18:57,361.0,3,true,30,A,true,30,2026-08-30,2026-08-30
TBR,226,8.25R20JDE++,8.25R20JUH3+,2026-08-26 09:03,2026-08-26 15:04,361.0,3,false,26,A,true,26,2026-08-26,2026-08-26
TBR,227,10.00 R 20 JDE,10.00 R 20 JUH5,2026-08-28 15:57,2026-08-28 21:58,361.0,3,true,28,B,false,28,2026-08-28,2026-08-28
TBR,228,GT 5113 - 295/80R22.5 JDC XD,8.25R20JUH5,2026-08-19 12:35,2026-08-19 18:36,361.0,3,false,19,A,true,19,2026-08-19,2026-08-19
TBR,228,8.25R20JUH5,9.00 R 20 JUH5,2026-08-27 18:41,2026-08-28 00:42,361.0,3,true,27,B,true,27,2026-08-27,2026-08-27
TBR,229,GT 5076 - 295/90R20 JDE XF,10.00 R 20 JUH5,2026-08-17 19:40,2026-08-18 01:41,361.0,3,true,17,B,true,17,2026-08-17,2026-08-17
TBR,229,10.00 R 20 JUH5,GT 5076 - 295/90R20 JDE XF,2026-08-29 11:55,2026-08-29 17:56,361.0,3,true,29,A,true,29,2026-08-29,2026-08-29
PCR,23,GT 1412 XPC MM,GT 1672 SPT,2026-08-16 14:50,2026-08-16 18:20,210.0,3,false,16,A,true,16,2026-08-16,2026-08-16
PCR,23,GT 1672 SPT,GT 1452 XPC MM,2026-08-28 14:20,2026-08-28 17:50,210.0,3,false,28,A,true,28,2026-08-28,2026-08-28
PCR,232,GT 2267 ROYL HYU,GT 2557 HPE KIA,2026-08-26 01:27,2026-08-26 07:27,360.0,3,false,25,C,true,25,2026-08-26,2026-08-25
PCR,234,GT 2568 HT2,GT 2455 RAN A/T,2026-08-26 16:25,2026-08-26 22:25,360.0,3,false,26,B,false,26,2026-08-26,2026-08-26
PCR,235,GT 1503 NEO MSIL,GT 2258 RAN HPE,2026-08-16 07:51,2026-08-16 13:51,360.0,3,false,16,A,false,16,2026-08-16,2026-08-16
PCR,235,GT 2258 RAN HPE,GT 1503 NEO MSIL,2026-08-26 17:18,2026-08-26 23:18,360.0,3,false,26,B,true,26,2026-08-26,2026-08-26
PCR,236,GT2776 RAN AT,GT 2568 HT2,2026-08-26 22:09,2026-08-27 04:09,360.0,3,false,26,B,true,26,2026-08-26,2026-08-26
PCR,236,GT 2568 HT2,GT 2617 RAN XAT,2026-08-31 07:05,2026-08-31 13:05,360.0,3,false,31,A,false,31,2026-08-31,2026-08-31
PCR,24,GT 1482 UHL,GT 1402 XPC TATA,2026-08-17 03:12,2026-08-17 06:42,210.0,3,true,16,C,false,16,2026-08-17,2026-08-16
PCR,24,GT 1402 XPC TATA,GT 1482 UHL,2026-08-27 08:48,2026-08-27 12:18,210.0,3,true,27,A,false,27,2026-08-27,2026-08-27
PCR,25,GT 1503 NEO MSIL,GT 1513 XPC1 MSIL,2026-08-16 07:51,2026-08-16 15:01,430.0,3,true,16,A,true,16,2026-08-16,2026-08-16
PCR,25,GT 1513 XPC1 MSIL,GT 1402 XPC TATA,2026-08-26 08:24,2026-08-26 15:34,430.0,3,false,26,A,true,26,2026-08-26,2026-08-26
PCR,258,GT 1844 XPC TML,GT 1513 XPC1 MSIL,2026-08-25 05:28,2026-08-25 11:28,360.0,3,false,24,C,true,24,2026-08-25,2026-08-24
PCR,258,GT 1513 XPC1 MSIL,GT 1925 XPC1,2026-08-31 23:13,2026-09-01 05:13,360.0,3,false,31,C,false,31,2026-08-31,2026-08-31
PCR,259,GT 1503 NEO MSIL,GT 2568 HT2,2026-08-16 07:51,2026-08-16 13:51,360.0,3,false,16,A,false,16,2026-08-16,2026-08-16
PCR,259,GT 2568 HT2,GT2266 RAN HT,2026-08-26 21:06,2026-08-27 03:06,360.0,3,false,26,B,true,26,2026-08-26,2026-08-26
PCR,27,GT 1673 NEO,GT 1634 XPC TATA,2026-08-16 20:08,2026-08-17 03:18,430.0,3,false,16,B,true,16,2026-08-16,2026-08-16
PCR,28,GT 1503 NEO MSIL,GT 1513 XPC1 MSIL,2026-08-16 07:51,2026-08-16 15:01,430.0,3,true,16,A,true,16,2026-08-16,2026-08-16
PCR,28,GT 1513 XPC1 MSIL,GT 1503 NEO MSIL,2026-08-26 08:24,2026-08-26 15:34,430.0,3,true,26,A,true,26,2026-08-26,2026-08-26
PCR,28,GT 1503 NEO MSIL,GT 1873 NEO,2026-08-30 15:02,2026-08-30 22:12,430.0,3,false,30,B,false,30,2026-08-30,2026-08-30
PCR,287,GT 2568 RAN AT,GT 2158 ROYL HYU,2026-08-19 11:52,2026-08-19 17:52,360.0,3,true,19,A,true,19,2026-08-19,2026-08-19
PCR,287,GT 2158 ROYL HYU,GT 2618 RAN ATB,2026-08-29 06:43,2026-08-29 12:43,360.0,3,true,28,C,true,28,2026-08-29,2026-08-28
PCR,29,GT1564 NEO,GT 1503 NEO MSIL,2026-08-18 10:08,2026-08-18 17:18,430.0,3,false,18,A,true,18,2026-08-18,2026-08-18
PCR,29,GT 1503 NEO MSIL,GT 1583 NEO TATA,2026-08-25 08:22,2026-08-25 15:32,430.0,3,true,25,A,true,25,2026-08-25,2026-08-25
PCR,29,GT 1583 NEO TATA,GT 1503 NEO MSIL,2026-09-01 04:12,2026-09-01 11:22,430.0,3,true,31,C,true,31,2026-09-01,2026-08-31
PCR,295,GT1914 XPC1,GT 2267 ROYL HYU,2026-08-31 08:15,2026-08-31 14:15,360.0,3,false,31,A,false,31,2026-08-31,2026-08-31
PCR,296,GT1915 LT XPC1,GT 2575 RAN A/T,2026-08-19 17:12,2026-08-19 23:12,360.0,3,false,19,B,true,19,2026-08-19,2026-08-19
PCR,296,GT 2575 RAN A/T,GT 1513 XPC1 MSIL,2026-08-30 04:19,2026-08-30 10:19,360.0,3,false,29,C,true,29,2026-08-30,2026-08-29
PCR,297,GT 1513 XPC1 MSIL,GT 2158 ROYL HYU,2026-08-16 00:32,2026-08-16 06:32,360.0,3,false,15,C,false,15,2026-08-16,2026-08-15
PCR,297,GT 2158 ROYL HYU,GT 2268 UX1,2026-08-30 05:31,2026-08-30 11:31,360.0,3,false,29,C,true,29,2026-08-30,2026-08-29
PCR,298,GT 2258 RAN HPE,GT 1844 UXT,2026-08-16 03:38,2026-08-16 09:38,360.0,3,false,15,C,true,15,2026-08-16,2026-08-15
PCR,298,GT 1844 UXT,GT 2158 ROYL HYU,2026-08-24 12:59,2026-08-24 18:59,360.0,3,false,24,A,true,24,2026-08-24,2026-08-24
PCR,298,GT 2158 ROYL HYU,GT 2367 RAN XATW,2026-08-31 03:43,2026-08-31 09:43,360.0,3,false,30,C,true,30,2026-08-31,2026-08-30
PCR,30,GT 1894 MAX,GT 1773 NEO,2026-08-16 23:49,2026-08-17 06:59,430.0,3,false,16,C,false,16,2026-08-16,2026-08-16
PCR,30,GT 1773 NEO,GT 1634 XPC TATA,2026-08-26 18:26,2026-08-27 01:36,430.0,3,false,26,B,true,26,2026-08-26,2026-08-26
PCR,307,GT 2476 SUP MM,GT 1856 ROYL,2026-08-26 01:10,2026-08-26 08:10,420.0,3,false,25,C,true,25,2026-08-26,2026-08-25
PCR,307,GT 1856 ROYL,GT 2056 ROYL,2026-08-31 11:13,2026-08-31 18:13,420.0,3,false,31,A,true,31,2026-08-31,2026-08-31
PCR,308,GT 1995 ROYL KIA,GT 1765 ROYL,2026-08-19 21:25,2026-08-20 04:25,420.0,3,true,19,B,true,19,2026-08-19,2026-08-19
PCR,309,GT 2476 SUP MM,GT 2267 ROYL HYU,2026-08-26 01:10,2026-08-26 08:10,420.0,3,false,25,C,true,25,2026-08-26,2026-08-25
PCR,309,GT 2267 ROYL HYU,GT 2476 SUP MM,2026-08-30 06:47,2026-08-30 13:47,420.0,3,false,29,C,true,29,2026-08-30,2026-08-29
PCR,31,GT 1583 NEO TATA,GT 1402 XPC TATA,2026-08-25 20:59,2026-08-26 04:09,430.0,3,false,25,B,true,25,2026-08-25,2026-08-25
PCR,310,GT 2476 SUP MM,GT1915 LT XPC1,2026-08-16 04:51,2026-08-16 11:51,420.0,3,false,15,C,true,15,2026-08-16,2026-08-15
PCR,310,GT1915 LT XPC1,GT 1925 XPC1,2026-08-28 02:12,2026-08-28 09:12,420.0,3,true,27,C,true,27,2026-08-28,2026-08-27
PCR,311,GT 1995 ROYL KIA,GT 1765 ROYL,2026-08-12 15:26,2026-08-12 22:26,420.0,3,true,12,B,false,12,2026-08-12,2026-08-12
PCR,311,GT 1765 ROYL,GT 1995 ROYL KIA,2026-08-19 10:21,2026-08-19 17:21,420.0,3,true,19,A,true,19,2026-08-19,2026-08-19
PCR,311,GT 1995 ROYL KIA,GT 1765 ROYL,2026-08-24 01:45,2026-08-24 08:45,420.0,3,true,23,C,true,23,2026-08-24,2026-08-23
PCR,313,GT 1965 ROYL,GT 1995 ROYL KIA,2026-08-09 05:26,2026-08-09 12:26,420.0,3,false,8,C,true,8,2026-08-09,2026-08-08
PCR,32,GT 1583 NEO TATA,GT 1513 XPC1 MSIL,2026-08-16 02:25,2026-08-16 09:35,430.0,3,true,15,C,true,15,2026-08-16,2026-08-15
PCR,33,GT1513 NEO,GT 1503 NEO MSIL,2026-08-26 17:13,2026-08-27 00:23,430.0,3,false,26,B,true,26,2026-08-26,2026-08-26
PCR,33,GT 1503 NEO MSIL,GT1513 NEO,2026-08-30 23:44,2026-08-31 06:54,430.0,3,false,30,C,false,30,2026-08-30,2026-08-30
PCR,34,GT 1513 XPC1 MSIL,GT 1583 NEO TATA,2026-09-01 05:41,2026-09-01 12:51,430.0,3,true,31,C,true,31,2026-09-01,2026-08-31
PCR,35,GT 1773 NEO,GT 1513 XPC1 MSIL,2026-08-15 15:53,2026-08-15 23:03,430.0,3,true,15,B,true,15,2026-08-15,2026-08-15
PCR,36,GT 1513 XPC1 MSIL,GT 1673 NEO,2026-08-25 17:55,2026-08-26 01:05,430.0,3,true,25,B,true,25,2026-08-25,2026-08-25
PCR,37,GT 1513 XPC1 MSIL,GT 1412 XPC MM,2026-08-25 17:55,2026-08-26 01:05,430.0,3,false,25,B,true,25,2026-08-25,2026-08-25
PCR,38,GT 1513 XPC1 MSIL,GT 1583 NEO TATA,2026-09-01 05:41,2026-09-01 12:51,430.0,3,true,31,C,true,31,2026-09-01,2026-08-31
PCR,40,GT  T1457 STAR,GT2277 RAN HT,2026-08-25 19:03,2026-08-25 23:33,270.0,3,false,25,B,true,25,2026-08-25,2026-08-25
PCR,41,GT 1482 UHL,GT 1402 XPC TATA,2026-08-17 03:12,2026-08-17 07:42,270.0,3,true,16,C,true,16,2026-08-17,2026-08-16
PCR,41,GT 1402 XPC TATA,GT 2267 ROYL HYU,2026-08-27 09:48,2026-08-27 14:18,270.0,3,false,27,A,false,27,2026-08-27,2026-08-27
PCR,41,GT 2267 ROYL HYU,GT 1402 XPC TATA,2026-08-31 12:55,2026-08-31 17:25,270.0,3,false,31,A,true,31,2026-08-31,2026-08-31
PCR,42,GT  T1457 STAR,GT1564 NEO,2026-08-16 17:24,2026-08-16 21:54,270.0,3,false,16,B,false,16,2026-08-16,2026-08-16
PCR,42,GT1564 NEO,GT 1482 UHL,2026-08-24 11:39,2026-08-24 16:09,270.0,3,false,24,A,true,24,2026-08-24,2026-08-24
PCR,42,GT 1482 UHL,GT1564 NEO,2026-08-31 21:30,2026-09-01 02:00,270.0,3,false,31,B,true,31,2026-08-31,2026-08-31
PCR,43,GT 1503 NEO MSIL,GT 1765 ROYL,2026-08-11 17:12,2026-08-11 21:42,270.0,3,false,11,B,false,11,2026-08-11,2026-08-11
PCR,43,GT 1765 ROYL,GT 1503 NEO MSIL,2026-08-21 15:11,2026-08-21 19:41,270.0,3,false,21,B,false,21,2026-08-21,2026-08-21
PCR,43,GT 1503 NEO MSIL,GT 1583 NEO TATA,2026-08-28 10:45,2026-08-28 15:15,270.0,3,true,28,A,true,28,2026-08-28,2026-08-28
PCR,44,GT 2367 RAN XATW,GT 1402 XPC TATA,2026-08-14 16:14,2026-08-14 20:44,270.0,3,false,14,B,false,14,2026-08-14,2026-08-14
PCR,45,GT 2076 RAN HT,GT 1402 XPC TATA,2026-08-12 18:54,2026-08-12 23:24,270.0,3,false,12,B,true,12,2026-08-12,2026-08-12
PCR,45,GT 1402 XPC TATA,GT  T1457 STAR,2026-08-27 18:02,2026-08-27 22:32,270.0,3,false,27,B,false,27,2026-08-27,2026-08-27
PCR,46,GT 2455 RAN A/T,GT 1482 UHL,2026-08-16 00:43,2026-08-16 05:13,270.0,3,false,15,C,false,15,2026-08-16,2026-08-15
PCR,46,GT 1482 UHL,GT  T1457 STAR,2026-08-27 00:56,2026-08-27 05:26,270.0,3,false,26,C,false,26,2026-08-27,2026-08-26
PCR,47,GT 1402 XPC TATA,GT 1482 UHL,2026-08-16 13:29,2026-08-16 17:59,270.0,3,true,16,A,true,16,2026-08-16,2026-08-16
PCR,47,GT 1482 UHL,GT 2126 ROYL,2026-08-31 21:40,2026-09-01 02:10,270.0,3,false,31,B,true,31,2026-08-31,2026-08-31
PCR,49,GT  T1457 STAR,GT 2476 SUP MM,2026-08-11 19:57,2026-08-12 00:27,270.0,3,false,11,B,true,11,2026-08-11,2026-08-11
PCR,49,GT 2476 SUP MM,GT  T1457 STAR,2026-08-21 20:46,2026-08-22 01:16,270.0,3,false,21,B,true,21,2026-08-21,2026-08-21
PCR,49,GT  T1457 STAR,GT 2476 SUP MM,2026-08-29 02:00,2026-08-29 06:30,270.0,3,false,28,C,false,28,2026-08-29,2026-08-28
PCR,51,GT 1854 XPC TT,GT1814 XPC,2026-08-19 07:50,2026-08-19 13:50,360.0,3,false,19,A,false,19,2026-08-19,2026-08-19
PCR,53,GT 1844 XPC TML,GT 1854 XPC TT,2026-08-31 10:59,2026-08-31 16:59,360.0,3,true,31,A,true,31,2026-08-31,2026-08-31
TBR,54,GT 5075 - 295/90R20 JUH XF,GT 5098 - 275/90R20 JDE XF,2026-08-18 09:18,2026-08-18 15:19,361.0,3,true,18,A,true,18,2026-08-18,2026-08-18
TBR,54,GT 5098 - 275/90R20 JDE XF,8.25R20JDE++,2026-08-29 11:00,2026-08-29 17:01,361.0,3,true,29,A,true,29,2026-08-29,2026-08-29
TBR,55,8.25R20JUH5,8.25R20JDE++,2026-08-15 14:38,2026-08-15 20:39,361.0,3,true,15,A,true,15,2026-08-15,2026-08-15
TBR,55,8.25R20JDE++,10.00 R 20 JDE,2026-08-27 16:59,2026-08-27 23:00,361.0,3,true,27,B,true,27,2026-08-27,2026-08-27
TBR,56,GT 5103 - 295/80R22.5 JUM XM OEM,GT 5078 - 295/80R22.5 JUX E,2026-08-18 17:59,2026-08-19 00:00,361.0,3,true,18,B,true,18,2026-08-18,2026-08-18
TBR,56,GT 5078 - 295/80R22.5 JUX E,10.00 R 20 JUH5,2026-08-28 06:32,2026-08-28 12:33,361.0,3,false,27,C,true,27,2026-08-28,2026-08-27
TBR,57,295/80R22.5JUL1,GT 5083 - 295/80R22.5 JUM XM,2026-08-21 01:59,2026-08-21 08:00,361.0,3,true,20,C,true,20,2026-08-21,2026-08-20
TBR,57,GT 5083 - 295/80R22.5 JUM XM,10.00 R 20 JUH5,2026-08-30 04:57,2026-08-30 10:58,361.0,3,false,29,C,true,29,2026-08-30,2026-08-29
TBR,58,GT 5076 - 295/90R20 JDE XF,10.00 R 20 JUH5,2026-08-17 19:40,2026-08-18 01:41,361.0,3,true,17,B,true,17,2026-08-17,2026-08-17
TBR,58,10.00 R 20 JUH5,GT 5103 - 295/80R22.5 JUM XM OEM,2026-08-29 11:55,2026-08-29 17:56,361.0,3,false,29,A,true,29,2026-08-29,2026-08-29
TBR,59,385/65R22.5JTL,10.00 R 20 JUH5,2026-08-18 03:23,2026-08-18 09:24,361.0,3,false,17,C,true,17,2026-08-18,2026-08-17
TBR,59,10.00 R 20 JUH5,GT 5083 - 295/80R22.5 JUM XM,2026-08-29 19:39,2026-08-30 01:40,361.0,3,false,29,B,true,29,2026-08-29,2026-08-29
TBR,60,10.00 R 20 JDE,8.25R20JUH5,2026-08-17 05:42,2026-08-17 11:43,361.0,3,true,16,C,true,16,2026-08-17,2026-08-16
TBR,60,8.25R20JUH5,10.00 R 20 JDE,2026-08-28 00:19,2026-08-28 06:20,361.0,3,true,27,C,false,27,2026-08-28,2026-08-27
TBR,61,GT 5078 - 295/80R22.5 JUX E,295/80R22.5JUL1,2026-08-30 01:07,2026-08-30 07:08,361.0,3,true,29,C,true,29,2026-08-30,2026-08-29
TBR,62,GT 5079 - 255/70R22.5 JUX E,10.00 R 20 JUH5,2026-08-17 21:41,2026-08-18 03:42,361.0,3,false,17,B,true,17,2026-08-17,2026-08-17
TBR,62,10.00 R 20 JUH5,GT 5079 - 255/70R22.5 JUX E,2026-08-29 13:56,2026-08-29 19:57,361.0,3,false,29,A,true,29,2026-08-29,2026-08-29
TBR,63,GT 5114 - 315/80R22.5 JDC XD,GT 5076 - 295/90R20 JDE XF,2026-08-20 15:20,2026-08-20 21:21,361.0,3,false,20,B,false,20,2026-08-20,2026-08-20
TBR,64,GT 5075 - 295/90R20 JUH XF,8.25R20JDE++,2026-08-18 09:18,2026-08-18 15:19,361.0,3,true,18,A,true,18,2026-08-18,2026-08-18
TBR,64,8.25R20JDE++,10.00 R 20 JDE,2026-08-27 15:12,2026-08-27 21:13,361.0,3,true,27,B,false,27,2026-08-27,2026-08-27
TBR,65,10.00 R 20 JDE,GT 5095 - 11.00R20 JUC3,2026-08-17 05:42,2026-08-17 11:43,361.0,3,true,16,C,true,16,2026-08-17,2026-08-16
TBR,68,GT 5076 - 295/90R20 JDE XF,10.00 R 20 JUH5,2026-08-17 19:40,2026-08-18 01:41,361.0,3,true,17,B,true,17,2026-08-17,2026-08-17
TBR,68,10.00 R 20 JUH5,GT 5076 - 295/90R20 JDE XF,2026-08-29 11:55,2026-08-29 17:56,361.0,3,true,29,A,true,29,2026-08-29,2026-08-29
TBR,69,GT 5083 - 295/80R22.5 JUM XM,GT 5078 - 295/80R22.5 JUX E,2026-08-29 13:42,2026-08-29 19:43,361.0,3,true,29,A,true,29,2026-08-29,2026-08-29
TBR,70,10.00 R 20 JUH5,11R22.5JUHE,2026-08-17 06:59,2026-08-17 13:00,361.0,3,false,16,C,true,16,2026-08-17,2026-08-16
TBR,70,11R22.5JUHE,10.00 R 20 JUH5,2026-08-28 15:16,2026-08-28 21:17,361.0,3,false,28,B,false,28,2026-08-28,2026-08-28
TBR,71,10.00 R 20 JUH5,10.00 R 20 JDE,2026-08-17 05:42,2026-08-17 11:43,361.0,3,true,16,C,true,16,2026-08-17,2026-08-16
TBR,71,10.00 R 20 JDE,10.00 R 20 JUH5,2026-08-28 21:58,2026-08-29 03:59,361.0,3,true,28,B,true,28,2026-08-28,2026-08-28
TBR,72,315/80R22.5JUL4,295/80R22.5JDL,2026-08-17 21:59,2026-08-18 04:00,361.0,3,true,17,B,true,17,2026-08-17,2026-08-17
TBR,72,295/80R22.5JDL,GT 5117 - 10.00R20 CUC (BD),2026-08-30 03:06,2026-08-30 09:07,361.0,3,false,29,C,true,29,2026-08-30,2026-08-29
TBR,73,10.00 R 20 JUH5,GT 5076 - 295/90R20 JDE XF,2026-08-17 05:42,2026-08-17 11:43,361.0,3,true,16,C,true,16,2026-08-17,2026-08-16
TBR,73,GT 5076 - 295/90R20 JDE XF,10.00R 20 JW302,2026-08-29 08:17,2026-08-29 14:18,361.0,3,true,29,A,false,29,2026-08-29,2026-08-29
TBR,74,10.00 R 20 JUH5,10.00 R 20 JDE,2026-08-17 05:42,2026-08-17 11:43,361.0,3,true,16,C,true,16,2026-08-17,2026-08-16
TBR,74,10.00 R 20 JDE,10.00R20JUC,2026-08-28 21:58,2026-08-29 03:59,361.0,3,true,28,B,true,28,2026-08-28,2026-08-28
TBR,75,10.00 R 20 JUH5,10.00 R 20 JDE,2026-08-17 05:42,2026-08-17 11:43,361.0,3,true,16,C,true,16,2026-08-17,2026-08-16
TBR,75,10.00 R 20 JDE,9.00 R 20 JDE++,2026-08-28 21:58,2026-08-29 03:59,361.0,3,true,28,B,true,28,2026-08-28,2026-08-28
TBR,76,10.00R 20 JW302,GT 5103 - 295/80R22.5 JUM XM OEM,2026-08-16 16:59,2026-08-16 23:00,361.0,3,false,16,B,false,16,2026-08-16,2026-08-16
TBR,76,GT 5103 - 295/80R22.5 JUM XM OEM,385/65R22.5JUH6,2026-08-29 05:02,2026-08-29 11:03,361.0,3,false,28,C,true,28,2026-08-29,2026-08-28
TBR,77,GT 5096 - 11.00R20 JDC XD,10.00 R 20 JUH5,2026-08-29 20:56,2026-08-30 02:57,361.0,3,true,29,B,true,29,2026-08-29,2026-08-29
TBR,78,295/80R22.5JUL1,GT 5083 - 295/80R22.5 JUM XM,2026-08-28 07:05,2026-08-28 13:06,361.0,3,true,28,A,false,28,2026-08-28,2026-08-28
TBR,79,GT 5075 - 295/90R20 JUH XF,GT 5076 - 295/90R20 JDE XF,2026-08-13 23:47,2026-08-14 05:48,361.0,3,true,13,C,false,13,2026-08-13,2026-08-13
TBR,79,GT 5076 - 295/90R20 JDE XF,295/80R22.5JUL1,2026-08-26 02:22,2026-08-26 08:23,361.0,3,false,25,C,true,25,2026-08-26,2026-08-25
TBR,80,9.00 R 20 JUH5,9.00 R 20 JDE++,2026-08-14 05:05,2026-08-14 11:06,361.0,3,true,13,C,true,13,2026-08-14,2026-08-13
TBR,80,9.00 R 20 JDE++,GT 5096 - 11.00R20 JDC XD,2026-08-26 12:31,2026-08-26 18:32,361.0,3,true,26,A,true,26,2026-08-26,2026-08-26
TBR,81,10.00R20JUC,GT 5096 - 11.00R20 JDC XD,2026-08-12 22:42,2026-08-13 04:43,361.0,3,true,12,B,true,12,2026-08-12,2026-08-12
TBR,81,GT 5096 - 11.00R20 JDC XD,255/70R22.5JTH1,2026-08-25 03:11,2026-08-25 09:12,361.0,3,false,24,C,true,24,2026-08-25,2026-08-24
