plant,gt_code,gt_description,tyre_size,rim,modal_sku,n_skus,skus,demanded,gross_build,fed,shortfall,starved,unplaced_L5,shortfall_reason,residual
PCR,GT 1513 XPC1 MSIL,155 R13 C ULTIMA XPC1 90/89 S TL (MSIL) (+1 SKUs),R13,R13,1D25215013008SXC10,2,1,62630,62321,58439.0,4191.0,2353.0,576.0,no feasible release,false
PCR,GT 1402 XPC TATA,145 R12 ULTIMA XPC TL TATA (+14 SKUs),R12,R12,1D25214012008QXPCT,15,1,27939,27889,25681.0,2258.0,182.0,1051.0,would breach min_lot,false
PCR,GT 1925 XPC1,195 R15 ULTIMA XPC1 AL,R15,R15,1225219Z15008SXC11,1,1,12614,12495,11101.0,1513.0,155.0,427.0,no feasible release,false
PCR,GT 1844 XPC TML,185 R14 ULTIMA XPC 10 PR (+1 SKUs),R14,R14,1D25218014010RXPCT,2,1,10644,10362,9242.0,1402.0,291.0,511.0,would breach min_lot,false
PCR,GT 1634 XPC TATA,165 R14 ULTIMA XPC TATA TL (+5 SKUs),R14,R14,1D25216814008QXPC0,6,1,12320,11847,11049.0,1271.0,283.0,0.0,no feasible release,false
PCR,GT 2476 SUP MM,245/75 R16 ELANZO SUPRA,"",R16,1325224716111SELS0,1,1,27500,27345,26241.0,1259.0,310.0,0.0,no feasible release,false
PCR,GT 1772 NEO,175/70 R12 ULTIMA NEO,R12,(no rim),1325217612080HUNE0,1,1,1178,1182,0.0,1178.0,0.0,1182.0,,false
PCR,GT 2568 HT2,255/65 R 18 Ranger HT2 111 H,R18,R18,1325225518111HRHB0,1,1,11500,11361,10429.0,1071.0,284.0,0.0,would breach min_lot,false
PCR,GT 1985 UX1 XL,195/55 R15 UX1,195/55 R15 UX1,(no rim),1325219315089VUX1E,1,1,1070,1074,0.0,1070.0,0.0,537.0,,false
PCR,GT  T1457 STAR,T145/70 R17 STAR XT (+2 SKUs),R17,R17,1325214617107MSXT0,3,1,11220,10756,10154.0,1066.0,285.0,0.0,would breach min_lot,false
PCR,GT 2557 HPE KIA,215/55 R17 RANGER HPE,R17,(no rim),1325221317094VRHE3,1,1,1188,1192,170.0,1018.0,1022.0,0.0,no feasible release,false
PCR,GT 1482 UHL,145/80 R 12 ULTIMA HI LIFE TL (+13 SKUs),R12,R12,1325214812074TUHL0,14,1,17544,17231,16569.0,975.0,302.0,0.0,no feasible release,false
PCR,GT 1773 NEO,175/70 R13 ULTIMA NEO,R13,R13,1325217613082TUNE0,1,1,10560,10591,9776.0,784.0,453.0,362.0,no feasible release,false
PCR,GT 1412 XPC MM,145 R12 ULTIMA XPC (+6 SKUs),"",R12,1D25114012008QXPC0,7,1,3677,3604,2896.0,781.0,389.0,0.0,would breach min_lot,false
PCR,GT 2258 RAN HPE,225/55 R 18 Ranger Hpe (+1 SKUs),R 18,R18,1325222318098HRHE0,2,1,9484,9331,8707.0,777.0,311.0,0.0,no feasible release,false
PCR,GT 2158 ROYL HYU,215/55R18 UX ROYALE (+1 SKUs),R18,R18,1325221318095HURL0,2,1,16500,16548,15747.0,753.0,437.0,0.0,no feasible release,false
PCR,GT 1765 ROYL,175/65 R15 UX ROYALE (+5 SKUs),R15,R15,1325217515084HURL2,6,1,14653,14552,13905.0,748.0,647.0,0.0,would breach min_lot,false
PCR,GT 2568 RAN HTP,255/60 R18 RANGER HT+,R18,R18,1325225418108HRHT0,1,1,739,741,0.0,739.0,0.0,741.0,,false
PCR,GT 1965 ROYL,195/65 R 15 UX ROYALE 91 H,R15,(no rim),1325219515091HURL3,1,1,1320,1324,661.0,659.0,663.0,0.0,no feasible release,false
PCR,GT2776 RAN AT,235/70 R16 105T RANGER AT,R16,R16,1325223616105TRAT0,1,1,4139,3812,3484.0,655.0,160.0,0.0,no feasible release,false
PCR,GT 1583 NEO TATA,155/80 R13 ULTIMA NEO LRR (+2 SKUs),R13,R13,1325215813079TUNE5,3,1,13200,13239,12587.0,613.0,0.0,0.0,,false
PCR,GT1915 LT XPC1,195 R15 ULTIMA XPC1,"",R15,1225219Z15008SXC10,1,1,4628,4642,4059.0,569.0,0.0,281.0,,false
PCR,GT 1854 XPC TT,185 R 14 Ultima XPC 10 PR TT (+1 SKUs),R14,R14,1D25118014010RXPC0,2,1,2495,2435,1974.0,521.0,244.0,0.0,would breach min_lot,false
PCR,GT 2267 ROYL HYU,215/60 R17 UX ROYALE HYUNDAI (+9 SKUs),R17,R17,1325221417096HURL0,10,1,34101,34093,33591.0,510.0,502.0,0.0,would breach min_lot,false
PCR,GT 1503 NEO MSIL,155/80 R13 ULTIMA NEO MSIL (+6 SKUs),R13,R13,1325215813079TUNE3,7,1,39120,39206,38620.0,500.0,0.0,0.0,,false
PCR,GT 2367 RAN XATW,235/65 R17 RANGER X-AT 104T,R17,R17,1325223517104TRXT0,1,1,2360,2249,1863.0,497.0,194.0,0.0,would breach min_lot,false
PCR,GT 2668 RAN HTP,265/60 R18 RANGER HT,R18,(no rim),1325226418110HRHP0,1,1,1378,1382,921.0,457.0,308.0,0.0,no feasible release,false
PCR,GT 1673 NEO,165/70 R13 ULTIMA NEO,R13,R13,1325216613079HUNE0,1,1,4417,4430,4038.0,379.0,0.0,0.0,,false
PCR,GT 2268 UX1,225/60 R18 UX1 104 H,R18,(no rim),1325222418104HUX10,1,1,734,737,369.0,365.0,0.0,0.0,,false
PCR,GT 2247 LEVI,225/45R17 LEVITAS 94 Y TL,R17,(no rim),1325222117094YLEV0,1,1,713,716,358.0,355.0,358.0,0.0,no feasible release,false
PCR,GT 2056 ROYL,205/65 R16 UX ROYALE PUNCTURE GUARD,R16,(no rim),1325220516095HURP0,1,1,516,518,173.0,343.0,0.0,0.0,,false
PCR,GT 2576 EZO TATA,235/70R16 ELANZO REINFORCED TATA,R16,(no rim),1325223616109SELZ0,1,1,497,499,164.0,333.0,0.0,0.0,,false
PCR,GT 2676 RAN MT,265/75 R 16 Ranger MT 123/120 K TL,R16,(no rim),1325226716123KRMT0,1,1,326,327,0.0,326.0,0.0,327.0,,false
PCR,GT 2617 RAN XAT,265/65 R 17 Ranger XAT,R17,(no rim),1325226517112HRXT0,1,1,466,468,156.0,310.0,0.0,0.0,,false
PCR,GT 2618 RAN ATB,255/65 R18 RANGER AT(BLACK SIDEWALL),R18,R18,1325225518111HRAT1,1,1,777,780,468.0,309.0,156.0,0.0,no feasible release,false
PCR,GT 1672 SPT,165/70R12 ULTIMA SPORTS,"",(no rim),1325216612077TUSP0,1,1,2029,2035,1721.0,308.0,314.0,0.0,no feasible release,false
PCR,GT1914 XPC1,195 R14 ULTIMA XPC1,"",(no rim),1D25219Z14008SXC10,1,1,5230,5246,4928.0,302.0,0.0,0.0,,false
PCR,GT 2856 RAN MT,235/85 R 16 Ranger MT 120/116 N TL,R16,(no rim),1325223916120NRMT0,1,1,283,284,0.0,283.0,0.0,0.0,,true
PCR,GT 2666 RAN HT,265/70R16 RANGER HT,R16,R16,1325226616111TRHT0,1,1,281,282,0.0,281.0,0.0,0.0,,true
PCR,GT 2455 RAN A/T,215/75 R15 RANGER AT,R15,R15,1325221715100SRAT0,1,1,3245,3255,2967.0,278.0,0.0,288.0,,false
PCR,GT 2737 LEVI,235/55 R17 LEVITAS (+1 SKUs),R17,(no rim),1325223317103YLEV0,2,1,243,244,0.0,243.0,0.0,0.0,,true
PCR,GT 2276 RAN HT,275/70 R16 RANGER HT,R16,R16,1325227616114TRHT0,1,1,239,180,0.0,239.0,0.0,0.0,,true
PCR,GT 2057 UX1,215/50 R17 UX1,R17,(no rim),1325221217095VUX10,1,1,222,223,0.0,222.0,0.0,0.0,,true
PCR,GT 3125 RAN MT,31X10.5 R15 RANGER MT,R15,R15,1325231015109QRMT0,1,1,1229,1180,1012.0,217.0,0.0,0.0,,false
PCR,GT1564 NEO,155/65 R14 ULTIMA NEO,R14,R14,1325215514075TUNE0,1,1,4745,4759,4549.0,196.0,0.0,0.0,,false
PCR,GT 2457 LEVI,225/55 R17 LEVITAS ULTRA,R17,(no rim),1325222317101YLEVY,1,1,189,190,0.0,189.0,0.0,0.0,,true
PCR,GT 2568 RAN AT,255/65 R18 RANGER AT,R18,R18,1325225518111HRAT0,1,1,3050,3059,2885.0,165.0,0.0,0.0,,false
PCR,GT 1512 XPC1,155 R12 ULTIMA XPC1,R12,(no rim),1225215Z12008RXC10,1,1,162,163,0.0,162.0,0.0,0.0,,true
PCR,GT2277 RAN HT,225/65 R17 RANGER HT,R17,(no rim),1325222517102HRHT0,1,1,1312,1316,1152.0,160.0,0.0,0.0,,false
PCR,GT 2076 RAN HT,205/60 R16 RANGER HT,R16,(no rim),1325220416092HRHT0,1,1,1886,1892,1734.0,152.0,158.0,0.0,no feasible release,false
PCR,GT 1905 XPC1,195 R15 ULTIMA XPC1 TT,R15,(no rim),1225119Z15008SXC10,1,1,133,134,0.0,133.0,0.0,0.0,,true
PCR,GT 2226 LEVI,225/55 R16 LEVITAS,R16,(no rim),1325222316099YLEVY,1,1,124,125,0.0,124.0,0.0,0.0,,true
PCR,GT1824 XPC1,185 R14 ULTIMA XPC1,"",(no rim),1D25218Z14008RXC10,1,1,117,118,0.0,117.0,0.0,0.0,,true
PCR,GT 1773 NEOPS,175/70 R13 TORNEL ULTIMA NEO+,R13,R13,1325217613082TUNEE,1,1,115,34,0.0,115.0,0.0,0.0,,true
PCR,GT 2428 LEVI,245/45 R18 LEVITAS ULTRA,R18,(no rim),1325224118100WLEV0,1,1,114,115,0.0,114.0,0.0,0.0,,true
PCR,GT 1995 ROYL KIA,195/65R15 UX ROYALE (+10 SKUs),R15,R15,1325219515091HURL2,11,1,19205,19098,19098.0,107.0,0.0,0.0,,false
PCR,GT 1483 UHL,145/80 R13 ULTIMA HI LIFE,R13,R13,1325214813075SUHL0,1,1,100,1,0.0,100.0,0.0,0.0,,true
PCR,GT 2366 ROYL,235/65 R16 UX ROYALE (+1 SKUs),R16,R16,1325223516103TURL0,2,1,51,52,0.0,51.0,0.0,0.0,,true
PCR,GT 2526 ROYL PG,215/60 R16 UX ROYALE PUNCTURE GUARD,0,(no rim),1325221416095VURP0,1,1,44,45,0.0,44.0,0.0,0.0,,true
PCR,GT 1966 RAN HPE,195/60 R16 RANGER HPE 89 V,R16,(no rim),1325219416089VRHE0,1,1,41,42,0.0,41.0,0.0,0.0,,true
PCR,GT 1452 XPC MM,145 R12 ULTIMA XPC M&M (+1 SKUs),R2,(no rim),1D25214012008QXPCM,2,1,509,511,511.0,-2.0,0.0,0.0,,false
PCR,GT 1873 NEO,185/70 R13 ULTIMA NEO,R13,(no rim),1325218613086HUNE0,1,1,522,524,524.0,-2.0,0.0,0.0,,false
PCR,GT 2126 ROYL,215/65 R16 UX ROYALE,R16,(no rim),1325221516098HURL0,1,1,394,396,396.0,-2.0,0.0,0.0,,false
PCR,GT2266 RAN HT,215/65 R16 RANGER HT,R16,R16,1325221516098HRHT0,1,1,936,939,939.0,-3.0,0.0,0.0,,false
PCR,GT 2267 ROYL PG,215/60 R 17 UX ROYALE PUNCTURE GUARD,R17,R17,1325221417096HURP0,1,1,815,818,818.0,-3.0,0.0,0.0,,false
PCR,GT 2157 ROYL KIA,215/55R17 UX ROYALE 94V (+3 SKUs),R18,R17,1325221317094VURL0,4,1,731,734,734.0,-3.0,0.0,0.0,,false
PCR,GT 1856 ROYL,185/55 R16 UX ROYALE,R16,(no rim),1325218316083HURL0,1,1,711,714,714.0,-3.0,0.0,0.0,,false
PCR,GT1814 XPC,185 R14 ULTIMA XPC (+1 SKUs),"",(no rim),1D25218Z14008QXPC0,2,1,1541,1546,1546.0,-5.0,0.0,0.0,,false
PCR,GT 2575 RAN A/T,205/70 R15 C RANGER AT,R15,(no rim),1325220615106SRAT0,1,1,1457,1462,1462.0,-5.0,0.0,0.0,,false
PCR,GT 1844 UXT,185/65 R14 UX TOURING (+1 SKUs),R14,(no rim),1325218514086HUTR0,2,1,1540,1545,1545.0,-5.0,0.0,0.0,,false
PCR,GT 1975 UX1 EXP,195/60 R15 UX1 EXP,R15,(no rim),1325219415092VUX10,1,1,2059,2065,2065.0,-6.0,0.0,0.0,,false
PCR,GT 1894 MAX,185/70 R14 TAXIMAX (+6 SKUs),R14,R14,1325218614088TTMX0,7,1,4368,4381,4381.0,-13.0,0.0,0.0,,false
PCR,GT1513 NEO,155/65 R 13 ULTIMA NEO,R13,(no rim),1325215513073TUNE0,1,1,5027,5042,5042.0,-15.0,0.0,0.0,,false
TBR,10.00 R 20 JUH5,10.00 R 20 JW JUH5 - N2 (+1 SKUs),10.00 R 20 JUH5,R20,1122110020016KUH50,2,2,19256,19503,18634.0,622.0,189.0,0.0,would breach min_lot,false
TBR,385/65R22.5JTL,385/65R22.5 JETWAY JTL - 24PR (+3 SKUs),"",R22.5,115223852C024KJTL0,4,2,728,723,365.0,363.0,358.0,0.0,would breach min_lot,false
TBR,GT 5077 - 295/90R20 JDL XM2,295/90R20 JETSTEEL JDL XM2,"",(no rim),1121129A20152JLM20,1,1,308,314,0.0,308.0,0.0,314.0,,false
TBR,10.00 R 20 JDE,295/90R20JDE++ (+4 SKUs),R20,R20,1121129A20000JDEP0,5,2,12936,13117,12630.0,306.0,135.0,0.0,would breach min_lot,false
TBR,GT 5099 - 275/90R20 JUH XF,275/90R20 JETWAY JUH XF (+1 SKUs),275/90R20,R20,1122127A20149KUHF0,2,1,272,277,0.0,272.0,0.0,0.0,,false
TBR,GT 5095 - 11.00R20 JUC3,11.00R20 JUC3 (+1 SKUs),"",R20,1123111020016KJC30,2,1,3242,3295,3006.0,236.0,0.0,0.0,,false
TBR,GT 5078 - 295/80R22.5 JUX E,295/80R22.5 JUXe (+5 SKUs),"",R22.5,112222982C016JUXE0,6,2,3942,3956,3752.0,190.0,104.0,0.0,would breach min_lot,false
TBR,GT 5079 - 255/70R22.5 JUX E,255/70R22.5 JUXe 140/137 M (+2 SKUs),22.5,R22.5,112222562C016MUXE0,3,1,975,876,793.0,182.0,52.0,0.0,below min_lot (strict B12),false
TBR,295/80R22.5JUL1,295/80R22.5 JUM (+2 SKUs),"",R22.5,112222982C016MJUM0,3,1,2380,2385,2217.0,163.0,168.0,0.0,would breach min_lot,false
TBR,8.25R20JDE++,8.25R20JDE++ (+2 SKUs),8.25R20,R20,1121182020016KDEP0,3,1,4753,4720,4605.0,148.0,115.0,0.0,would breach min_lot,false
TBR,GT 5083 - 295/80R22.5 JUM XM,295/80R22.5 JUM XM (+1 SKUs),22.5,R22.5,112222982C016MJXM0,2,1,3838,3909,3694.0,144.0,108.0,0.0,would breach min_lot,false
TBR,GT 5076 - 295/90R20 JDE XF,295/90R20 JDE XF / JS121 (+3 SKUs),295/90R20,R20,1121129A20152JDLF0,4,1,8997,9094,8862.0,135.0,108.0,0.0,would breach min_lot,false
TBR,GT 5117 - 10.00R20 CUC (BD),10.00R20 CUC - Bangladesh,"",R20,1153110020016KCUC1,1,1,257,262,131.0,126.0,0.0,131.0,,false
TBR,GT 5113 - 295/80R22.5 JDC XD,295/80R22.5 JETSTEEL JDC XD,"",R22.5,115122982C018KCXD0,1,1,690,666,578.0,112.0,88.0,0.0,would breach min_lot,false
TBR,11R22.5JDH,11R22.5 JDH - EXPORT (+1 SKUs),"",(no rim),115121102C016LJDH0,2,1,110,113,0.0,110.0,0.0,0.0,,true
TBR,315/80R22.5JUL3,315/80R22.5 JUL3 CURE TYRE (+2 SKUs),315/80R22.5 JUL3,R22.5,115223182C018MUL30,3,1,107,109,0.0,107.0,0.0,0.0,,true
TBR,315/80R22.5JUL4,315/80R22.5JUL4 (+1 SKUs),22.5,R22.5,115223182C018LUL40,2,1,626,599,521.0,105.0,78.0,0.0,would breach min_lot,false
TBR,8.25R20JUH5,8.25R20JUH5 (+4 SKUs),8.25R20,R20,1122182020016KUH50,5,1,4077,4073,3979.0,98.0,94.0,0.0,would breach min_lot,false
TBR,10.00R20JUC,10.00 R 20 JUC,20,R20,1123110020016KJUC0,1,1,1489,1477,1407.0,82.0,70.0,0.0,would breach min_lot,false
TBR,11.00R20 JUH5,11.00R20 JUH5 (+2 SKUs),11R20,R20,1122111020016KUH50,3,1,1128,1106,1052.0,76.0,54.0,0.0,below min_lot (strict B12),false
TBR,11.00R20 JUH3,11.00 R20 VUH3 (+2 SKUs),11R20,R20,1152111020016KVH30,3,1,59,61,0.0,59.0,0.0,0.0,,true
TBR,255/70R22.5JTH1,255/70 R 22.5 JETWAY JTH1 (+1 SKUs),255/70 R 22.5,R22.5,115222562C016MTH10,2,1,247,252,190.0,57.0,62.0,0.0,below min_lot (strict B12),false
TBR,GT 5103 - 295/80R22.5 JUM XM OEM,295/80R22.5 JUM XM OEM (+2 SKUs),22.5,R22.5,112222982C152MJXM0,3,1,5180,5274,5133.0,47.0,141.0,0.0,would breach min_lot,false
TBR,GT 5075 - 295/90R20 JUH XF,295/90R20 JUH XF / JW 304 (+3 SKUs),295/90R20,R20,1122129A20152JULF0,4,1,5508,5574,5470.0,38.0,0.0,0.0,,false
TBR,385/65R22.5JUH6,385/65R22.5 JETWAY JUH6 (+3 SKUs),385/65 R 22.5 JW JUH6,(no rim),115223852C020KUH60,4,3,1408,1434,1372.0,36.0,62.0,0.0,below min_lot (strict B12),false
TBR,9.00 R 20 JDE++,9.00 R 20 JDE++ (+1 SKUs),9R20,R20,1121190020016KDEP0,2,1,1563,1528,1528.0,35.0,0.0,0.0,,false
TBR,GT 5096 - 11.00R20 JDC XD,11.00R20 JDC XD (+2 SKUs),"",R20,1121111020016KCXD0,3,1,5415,5515,5392.0,23.0,0.0,0.0,,false
TBR,295/90R20JDCXD,295/90R20_JDC XD_152/148_J_TT (+1 SKUs),10R20,R20,1121129A20152JCXD0,2,1,812,793,793.0,19.0,0.0,0.0,,false
TBR,9.00 R 20 JUH5,9.00R20 JW JUH5 16PR (+2 SKUs),"",R20,1122190020016KUH50,3,1,1727,1728,1728.0,-1.0,0.0,0.0,,false
TBR,8.25R20JUH3+,8.25R20JUH3+,8.25R20,(no rim),1122182020016KH3P0,1,1,209,213,213.0,-4.0,0.0,0.0,,false
TBR,8.25R20VUH3+,8.25R20_VUH3+_DOT_16PR_K_TT,8.25R20,R20,1152182020016KH3PV,1,1,276,282,282.0,-6.0,0.0,0.0,,false
TBR,9.00 R 20 JUH3,9.00 R 20 JETWAY JUH3 14 PR N2 (+2 SKUs),"",R20,1122190020014KJH30,3,1,345,352,352.0,-7.0,0.0,0.0,,false
TBR,GT 5098 - 275/90R20 JDE XF,275/90R20 JETSTEEL JDE XF,"",R20,1121127A20149KDEF0,1,1,420,428,428.0,-8.0,0.0,0.0,,false
TBR,11R22.5JUHE,11 R 22.5 JETWAY JUH - EXPORT (+2 SKUs),11 R 22.5 JW JUH -EXPORT,R22.5,115221102C016LJUH0,3,1,496,506,506.0,-10.0,0.0,0.0,,false
TBR,10.00R 20 JW302,295/90R20JUCXM (+1 SKUs),10R20,R20,1123129A20152JUCM0,2,1,2705,2722,2722.0,-17.0,0.0,0.0,,false
TBR,GT 5114 - 315/80R22.5 JDC XD,315/80R22.5 JETSTEEL JDC XD,"",(no rim),115123182C020KCXD0,1,1,1097,1118,1118.0,-21.0,0.0,0.0,,false
TBR,295/80R22.5JDL,295/80R22.5 JDL CURE TYRE (+1 SKUs),"",R22.5,112122982C016MJDL0,2,1,1441,1468,1468.0,-27.0,0.0,0.0,,false
